{
  "project_info": {
    "project_number": "420441473026",
    "project_id": "fir-authdemoapp-172fc",
    "storage_bucket": "fir-authdemoapp-172fc.firebasestorage.app"
  },
  "client": [
    {
      "client_info": {
        "mobilesdk_app_id": "1:420441473026:android:c6301d633e550500c1e71b",
        "android_client_info": {
          "package_name": "com.example.nim22040103.hidroponik"
        }
      },
      "oauth_client": [],
      "api_key": [
        {
          "current_key": "AIzaSyCxS9BuBlFTGmW3WyMeulUKpzhruFioRQQ"
        }
      ],
      "services": {
        "appinvite_service": {
          "other_platform_oauth_client": []
        }
      }
    },
    {
      "client_info": {
        "mobilesdk_app_id": "1:420441473026:android:0994452702277fd6c1e71b",
        "android_client_info": {
          "package_name": "com.np.nim22040103.hidroponik"
        }
      },
      "oauth_client": [],
      "api_key": [
        {
          "current_key": "AIzaSyCxS9BuBlFTGmW3WyMeulUKpzhruFioRQQ"
        }
      ],
      "services": {
        "appinvite_service": {
          "other_platform_oauth_client": []
        }
      }
    },
    {
      "client_info": {
        "mobilesdk_app_id": "1:420441473026:android:b3df4af5db446164c1e71b",
        "android_client_info": {
          "package_name": "np.com.bimalkafle.firebaseauthdemoapp"
        }
      },
      "oauth_client": [],
      "api_key": [
        {
          "current_key": "AIzaSyCxS9BuBlFTGmW3WyMeulUKpzhruFioRQQ"
        }
      ],
      "services": {
        "appinvite_service": {
          "other_platform_oauth_client": []
        }
      }
    },
    {
      "client_info": {
        "mobilesdk_app_id": "1:420441473026:android:451e1929a1a02ad4c1e71b",
        "android_client_info": {
          "package_name": "np.com.nim22040103.hidroponik"
        }
      },
      "oauth_client": [],
      "api_key": [
        {
          "current_key": "AIzaSyCxS9BuBlFTGmW3WyMeulUKpzhruFioRQQ"
        }
      ],
      "services": {
        "appinvite_service": {
          "other_platform_oauth_client": []
        }
      }
    }
  ],
  "configuration_version": "1"
}