{"v":"5.7.6","fr":24,"ip":0,"op":121,"w":500,"h":500,"nm":"#main","ddd":0,"assets":[],"layers":[{"ddd":0,"ind":1,"ty":4,"nm":"leaves","sr":1,"ks":{"o":{"a":0,"k":100,"ix":11},"r":{"a":0,"k":0,"ix":10},"p":{"a":0,"k":[259.79,231.871,0],"ix":2,"l":2},"a":{"a":0,"k":[137.931,166.53,0],"ix":1,"l":2},"s":{"a":0,"k":[100,100,100],"ix":6,"l":2}},"ao":0,"shapes":[{"ty":"gr","it":[{"ty":"gr","it":[{"ind":0,"ty":"sh","ix":1,"ks":{"a":0,"k":{"i":[[5.013,0.591],[-4.687,0.138]],"o":[[-1.778,0.332],[1.203,-1.548]],"v":[[5.463,-5.777],[-5.788,5.64]],"c":true},"ix":2},"nm":"Path 1","mn":"ADBE Vector Shape - Group","hd":false},{"ty":"fl","c":{"a":0,"k":[0.027000000898,0.286000001197,0.187999994615,1],"ix":4},"o":{"a":0,"k":100,"ix":5},"r":1,"bm":0,"nm":"Fill 1","mn":"ADBE Vector Graphic - Fill","hd":false},{"ty":"tr","p":{"a":0,"k":[105.024,277.48],"ix":2},"a":{"a":0,"k":[0,0],"ix":1},"s":{"a":0,"k":[100,100],"ix":3},"r":{"a":0,"k":0,"ix":6},"o":{"a":0,"k":100,"ix":7},"sk":{"a":0,"k":0,"ix":4},"sa":{"a":0,"k":0,"ix":5},"nm":"Transform"}],"nm":"vein","np":2,"cix":2,"bm":0,"ix":1,"mn":"ADBE Vector Group","hd":false},{"ty":"gr","it":[{"ind":0,"ty":"sh","ix":1,"ks":{"a":0,"k":{"i":[[1.343,-5.744],[12.795,-5.791],[-5.964,9.321],[-8.304,-4.469]],"o":[[-13.854,2.742],[5.299,-9.754],[8.228,-1.085],[-1.384,5.733]],"v":[[21.298,2.154],[-18.155,17.393],[-0.282,-10.634],[24.608,-15.216]],"c":true},"ix":2},"nm":"Path 1","mn":"ADBE Vector Shape - Group","hd":false},{"ind":1,"ty":"sh","ix":2,"ks":{"a":0,"k":{"i":[[0.543,0.412],[8.557,-3.466],[0.423,-0.501],[4.389,-6.873],[-8.383,2.225],[-14.293,4.578],[-1.964,3.891]],"o":[[-8.953,-6.268],[-0.46,-0.255],[-5.13,6.348],[-0.897,2.791],[13.587,-6.388],[4.099,-0.194],[0.186,-0.71]],"v":[[27.064,-17.178],[-0.841,-12.529],[-2.3,-12.28],[-16.078,8.009],[-19.557,21.222],[22.096,4.296],[27.755,-15.485]],"c":true},"ix":2},"nm":"Path 3","mn":"ADBE Vector Shape - Group","hd":false},{"ty":"fl","c":{"a":0,"k":[0.027000000898,0.286000001197,0.187999994615,1],"ix":4},"o":{"a":0,"k":100,"ix":5},"r":1,"bm":0,"nm":"Fill 1","mn":"ADBE Vector Graphic - Fill","hd":false},{"ty":"tr","p":{"a":0,"k":[93.988,284.013],"ix":2},"a":{"a":0,"k":[0,0],"ix":1},"s":{"a":0,"k":[100,100],"ix":3},"r":{"a":0,"k":0,"ix":6},"o":{"a":0,"k":100,"ix":7},"sk":{"a":0,"k":0,"ix":4},"sa":{"a":0,"k":0,"ix":5},"nm":"Transform"}],"nm":"leaf_outline","np":3,"cix":2,"bm":0,"ix":2,"mn":"ADBE Vector Group","hd":false},{"ty":"gr","it":[{"ind":0,"ty":"sh","ix":1,"ks":{"a":0,"k":{"i":[[0.5,-1.536],[3.162,-1.049],[-3.479,0.857],[0.023,0.003],[0.185,-0.049]],"o":[[-0.849,3.994],[1.351,-2.936],[-0.023,0],[0.067,0.007],[1.686,-0.351]],"v":[[5.531,0.552],[-3.369,5.302],[3.062,-2.35],[2.995,-2.351],[3.151,-2.357]],"c":true},"ix":2},"nm":"Path 1","mn":"ADBE Vector Shape - Group","hd":false},{"ind":1,"ty":"sh","ix":2,"ks":{"a":0,"k":{"i":[[0.544,2.852],[-0.32,-6.7],[-1.78,0.47]],"o":[[-3.975,-9.561],[-2.723,4.667],[2.639,-1.246]],"v":[[8.344,-1.52],[-6.164,6.414],[4.664,6.005]],"c":true},"ix":2},"nm":"Path 4","mn":"ADBE Vector Shape - Group","hd":false},{"ty":"fl","c":{"a":0,"k":[0.027000000898,0.286000001197,0.187999994615,1],"ix":4},"o":{"a":0,"k":100,"ix":5},"r":1,"bm":0,"nm":"Fill 1","mn":"ADBE Vector Graphic - Fill","hd":false},{"ty":"tr","p":{"a":0,"k":[125.348,261.335],"ix":2},"a":{"a":0,"k":[0,0],"ix":1},"s":{"a":0,"k":[100,100],"ix":3},"r":{"a":0,"k":0,"ix":6},"o":{"a":0,"k":100,"ix":7},"sk":{"a":0,"k":0,"ix":4},"sa":{"a":0,"k":0,"ix":5},"nm":"Transform"}],"nm":"stem_outline","np":3,"cix":2,"bm":0,"ix":3,"mn":"ADBE Vector Group","hd":false},{"ty":"gr","it":[{"ind":0,"ty":"sh","ix":1,"ks":{"a":0,"k":{"i":[[-24.214,6.254],[-1.496,6.076],[0,0],[0,0],[6.125,-1.543],[3.948,-3.171]],"o":[[1.636,-6.129],[0,0],[0,0],[-3.352,3.188],[-9.522,2.399],[-0.91,2.274]],"v":[[20.646,-0.404],[24.157,-18.257],[23.834,-18.718],[17.878,-5.737],[2.559,1.412],[-23.247,16.444]],"c":true},"ix":2},"nm":"Path 1","mn":"ADBE Vector Shape - Group","hd":false},{"ty":"fl","c":{"a":0,"k":[0.224000010771,0.510000011968,0.184000007779,1],"ix":4},"o":{"a":0,"k":100,"ix":5},"r":1,"bm":0,"nm":"Fill 1","mn":"ADBE Vector Graphic - Fill","hd":false},{"ty":"tr","p":{"a":0,"k":[95.882,287.439],"ix":2},"a":{"a":0,"k":[0,0],"ix":1},"s":{"a":0,"k":[100,100],"ix":3},"r":{"a":0,"k":0,"ix":6},"o":{"a":0,"k":100,"ix":7},"sk":{"a":0,"k":0,"ix":4},"sa":{"a":0,"k":0,"ix":5},"nm":"Transform"}],"nm":"shadow","np":2,"cix":2,"bm":0,"ix":4,"mn":"ADBE Vector Group","hd":false},{"ty":"gr","it":[{"ind":0,"ty":"sh","ix":1,"ks":{"a":0,"k":{"i":[[8.528,-2.044],[1.307,-1.798],[-0.107,-0.067],[0,0],[-2.112,0.828],[0,0]],"o":[[-14.333,20.181],[-0.212,0.291],[0,0],[1.512,-1.693],[0,0],[-8.102,-6.345]],"v":[[-3.816,-10.288],[-23.623,20.642],[-23.76,21.163],[-2.281,-2.892],[3.232,-6.727],[23.867,-14.818]],"c":true},"ix":2},"nm":"Path 1","mn":"ADBE Vector Shape - Group","hd":false},{"ty":"fl","c":{"a":0,"k":[0.611999990426,0.936999990426,0.395999983245,1],"ix":4},"o":{"a":0,"k":100,"ix":5},"r":1,"bm":0,"nm":"Fill 1","mn":"ADBE Vector Graphic - Fill","hd":false},{"ty":"tr","p":{"a":0,"k":[96.429,282.947],"ix":2},"a":{"a":0,"k":[0,0],"ix":1},"s":{"a":0,"k":[100,100],"ix":3},"r":{"a":0,"k":0,"ix":6},"o":{"a":0,"k":100,"ix":7},"sk":{"a":0,"k":0,"ix":4},"sa":{"a":0,"k":0,"ix":5},"nm":"Transform"}],"nm":"highlight","np":2,"cix":2,"bm":0,"ix":5,"mn":"ADBE Vector Group","hd":false},{"ty":"gr","it":[{"ind":0,"ty":"sh","ix":1,"ks":{"a":0,"k":{"i":[[8.528,-2.044],[1.307,-1.798],[-25.07,6.475],[-1.73,6.482]],"o":[[-14.333,20.181],[-2.54,3.49],[1.73,-6.483],[-8.102,-6.345]],"v":[[-2.668,-11.773],[-22.475,19.158],[21.246,2.603],[25.015,-16.303]],"c":true},"ix":2},"nm":"Path 1","mn":"ADBE Vector Shape - Group","hd":false},{"ty":"fl","c":{"a":0,"k":[0.356999984442,0.776000019148,0.310000011968,1],"ix":4},"o":{"a":0,"k":100,"ix":5},"r":1,"bm":0,"nm":"Fill 1","mn":"ADBE Vector Graphic - Fill","hd":false},{"ty":"tr","p":{"a":0,"k":[95.281,284.432],"ix":2},"a":{"a":0,"k":[0,0],"ix":1},"s":{"a":0,"k":[100,100],"ix":3},"r":{"a":0,"k":0,"ix":6},"o":{"a":0,"k":100,"ix":7},"sk":{"a":0,"k":0,"ix":4},"sa":{"a":0,"k":0,"ix":5},"nm":"Transform"}],"nm":"leaf_base","np":2,"cix":2,"bm":0,"ix":6,"mn":"ADBE Vector Group","hd":false},{"ty":"gr","it":[{"ind":0,"ty":"sh","ix":1,"ks":{"a":0,"k":{"i":[[0,0],[7.427,-7.458],[3.426,-1.025]],"o":[[5.093,-17.371],[-3.297,1.378],[0,0]],"v":[[-8.464,8.345],[1.466,6.112],[-8.893,9.026]],"c":true},"ix":2},"nm":"Path 1","mn":"ADBE Vector Shape - Group","hd":false},{"ty":"fl","c":{"a":0,"k":[0.788000009574,0.948999980852,0.620000023935,1],"ix":4},"o":{"a":0,"k":100,"ix":5},"r":1,"bm":0,"nm":"Fill 1","mn":"ADBE Vector Graphic - Fill","hd":false},{"ty":"tr","p":{"a":0,"k":[128.608,259.695],"ix":2},"a":{"a":0,"k":[0,0],"ix":1},"s":{"a":0,"k":[100,100],"ix":3},"r":{"a":0,"k":0,"ix":6},"o":{"a":0,"k":100,"ix":7},"sk":{"a":0,"k":0,"ix":4},"sa":{"a":0,"k":0,"ix":5},"nm":"Transform"}],"nm":"stem_base","np":2,"cix":2,"bm":0,"ix":7,"mn":"ADBE Vector Group","hd":false},{"ty":"tr","p":{"a":0,"k":[128.67,261.39],"ix":2},"a":{"a":0,"k":[128.67,261.39],"ix":1},"s":{"a":1,"k":[{"i":{"x":[0.667,0.667],"y":[1,1]},"o":{"x":[0.167,0.167],"y":[0.167,0.167]},"t":15,"s":[50,50]},{"i":{"x":[0.575,0.575],"y":[1,1]},"o":{"x":[0.333,0.333],"y":[0,0]},"t":24,"s":[105,105]},{"i":{"x":[0.667,0.667],"y":[1,1]},"o":{"x":[0.341,0.341],"y":[0,0]},"t":30,"s":[98,98]},{"i":{"x":[0.703,0.703],"y":[1,1]},"o":{"x":[0.333,0.333],"y":[0,0]},"t":38,"s":[102,102]},{"t":47,"s":[100,100]}],"ix":3},"r":{"a":1,"k":[{"i":{"x":[0.667],"y":[1]},"o":{"x":[0.167],"y":[0.167]},"t":15,"s":[16]},{"i":{"x":[0.667],"y":[1]},"o":{"x":[0.333],"y":[0]},"t":24,"s":[-3]},{"i":{"x":[0.667],"y":[0.883]},"o":{"x":[0.333],"y":[0]},"t":30,"s":[2]},{"i":{"x":[0.667],"y":[1]},"o":{"x":[0.333],"y":[-0.264]},"t":38,"s":[-2]},{"t":47,"s":[0]}],"ix":6},"o":{"a":1,"k":[{"i":{"x":[0.833],"y":[0.833]},"o":{"x":[0.167],"y":[0.167]},"t":15,"s":[0]},{"t":16,"s":[100]}],"ix":7},"sk":{"a":0,"k":0,"ix":4},"sa":{"a":0,"k":0,"ix":5},"nm":"Transform"}],"nm":"L01","np":7,"cix":2,"bm":0,"ix":1,"mn":"ADBE Vector Group","hd":false},{"ty":"gr","it":[{"ty":"gr","it":[{"ind":0,"ty":"sh","ix":1,"ks":{"a":0,"k":{"i":[[0.192,0.742],[-28.418,-8.739],[0.125,0.016],[1.762,0.508],[-0.09,-0.038],[-9.84,-19.791],[0.05,0.117],[-2.844,-0.112]],"o":[[-8.761,-33.797],[-0.124,-0.017],[1.729,0.56],[0.09,0.038],[-17.417,-4.578],[-0.05,-0.118],[1.507,1.919],[0.715,-0.233]],"v":[[15.496,14.28],[12.731,19.008],[12.358,18.957],[13.168,16.279],[13.439,16.394],[10.879,9.436],[10.729,9.084],[14.541,15.963]],"c":true},"ix":2},"nm":"Path 1","mn":"ADBE Vector Shape - Group","hd":false},{"ty":"fl","c":{"a":0,"k":[0.027000000898,0.286000001197,0.187999994615,1],"ix":4},"o":{"a":0,"k":100,"ix":5},"r":1,"bm":0,"nm":"Fill 1","mn":"ADBE Vector Graphic - Fill","hd":false},{"ty":"tr","p":{"a":0,"k":[154.745,246.183],"ix":2},"a":{"a":0,"k":[0,0],"ix":1},"s":{"a":0,"k":[100,100],"ix":3},"r":{"a":0,"k":0,"ix":6},"o":{"a":0,"k":100,"ix":7},"sk":{"a":0,"k":0,"ix":4},"sa":{"a":0,"k":0,"ix":5},"nm":"Transform"}],"nm":"stem_outline","np":2,"cix":2,"bm":0,"ix":1,"mn":"ADBE Vector Group","hd":false},{"ty":"gr","it":[{"ind":0,"ty":"sh","ix":1,"ks":{"a":0,"k":{"i":[[5.025,2.879],[10.242,4.47],[1.109,11.226],[-5.92,-9.069],[0.303,0.984],[9.507,5.292],[-12.083,-3.65],[-2.511,-16.58]],"o":[[-9.793,-5.409],[-0.78,-11.252],[9.764,4.995],[0.525,0.773],[-3.751,-10.371],[12.993,-0.187],[4.108,16.25],[-4.476,-3.673]],"v":[[9.277,18.907],[-20.939,4.252],[-24.329,-29.434],[-1.311,-6.848],[0.267,-7.514],[-21.86,-31.431],[14.596,-20.698],[23.56,28.761]],"c":true},"ix":2},"nm":"Path 1","mn":"ADBE Vector Shape - Group","hd":false},{"ind":1,"ty":"sh","ix":2,"ks":{"a":0,"k":{"i":[[-0.564,6.582],[3.15,13.776],[3.955,2.16],[9.813,-6.574],[-3.634,-11.565],[-3.118,-1.986],[-8.622,-5.928]],"o":[[-2.44,-13.907],[-1.675,-4.03],[-10.142,-5.052],[2.042,12.31],[1.431,3.535],[9.406,4.526],[2.961,0.773]],"v":[[27.647,32.646],[20.586,-9.131],[15.626,-22.534],[-27.647,-32.654],[-22.859,5.09],[-12.665,11.427],[14.822,26.421]],"c":true},"ix":2},"nm":"Path 2","mn":"ADBE Vector Shape - Group","hd":false},{"ty":"fl","c":{"a":0,"k":[0.027000000898,0.286000001197,0.187999994615,1],"ix":4},"o":{"a":0,"k":100,"ix":5},"r":1,"bm":0,"nm":"Fill 1","mn":"ADBE Vector Graphic - Fill","hd":false},{"ty":"tr","p":{"a":0,"k":[193.662,293.69],"ix":2},"a":{"a":0,"k":[0,0],"ix":1},"s":{"a":0,"k":[100,100],"ix":3},"r":{"a":0,"k":0,"ix":6},"o":{"a":0,"k":100,"ix":7},"sk":{"a":0,"k":0,"ix":4},"sa":{"a":0,"k":0,"ix":5},"nm":"Transform"}],"nm":"leaf_outline","np":3,"cix":2,"bm":0,"ix":2,"mn":"ADBE Vector Group","hd":false},{"ty":"gr","it":[{"ind":0,"ty":"sh","ix":1,"ks":{"a":0,"k":{"i":[[3.454,6.072],[0,0],[0,0],[-1.063,-10.201],[0,0],[-14.616,-12.966],[0,0]],"o":[[0,0],[0,0],[1.063,10.202],[0,0],[17.173,8.661],[0,0],[-6.197,-6.991]],"v":[[-16.338,-9.22],[-25.27,-29.733],[-25.379,-29.41],[-22.189,1.195],[-21.551,2.61],[25.379,29.733],[-3.16,4.48]],"c":true},"ix":2},"nm":"Path 1","mn":"ADBE Vector Shape - Group","hd":false},{"ty":"fl","c":{"a":0,"k":[0.224000010771,0.510000011968,0.184000007779,1],"ix":4},"o":{"a":0,"k":100,"ix":5},"r":1,"bm":0,"nm":"Fill 1","mn":"ADBE Vector Graphic - Fill","hd":false},{"ty":"tr","p":{"a":0,"k":[193.503,296.369],"ix":2},"a":{"a":0,"k":[0,0],"ix":1},"s":{"a":0,"k":[100,100],"ix":3},"r":{"a":0,"k":0,"ix":6},"o":{"a":0,"k":100,"ix":7},"sk":{"a":0,"k":0,"ix":4},"sa":{"a":0,"k":0,"ix":5},"nm":"Transform"}],"nm":"shadow","np":2,"cix":2,"bm":0,"ix":3,"mn":"ADBE Vector Group","hd":false},{"ty":"gr","it":[{"ind":0,"ty":"sh","ix":1,"ks":{"a":0,"k":{"i":[[14.132,-1.622],[0,0],[0,0],[-1.432,-4.958],[0,0],[-0.54,-0.48],[0,0],[5.952,21.156]],"o":[[0,0],[0,0],[4.729,2.068],[0,0],[0.542,0.459],[0,0],[-3.765,-22.017],[-13.075,-5.209]],"v":[[-25.397,-31.773],[-25.513,-30.704],[2.418,-18.494],[12.143,-7.404],[23.517,31.98],[25.139,33.395],[25.513,31.717],[15.72,-20.37]],"c":true},"ix":2},"nm":"Path 1","mn":"ADBE Vector Shape - Group","hd":false},{"ty":"fl","c":{"a":0,"k":[0.611999990426,0.936999990426,0.395999983245,1],"ix":4},"o":{"a":0,"k":100,"ix":5},"r":1,"bm":0,"nm":"Fill 1","mn":"ADBE Vector Graphic - Fill","hd":false},{"ty":"tr","p":{"a":0,"k":[193.746,292.71],"ix":2},"a":{"a":0,"k":[0,0],"ix":1},"s":{"a":0,"k":[100,100],"ix":3},"r":{"a":0,"k":0,"ix":6},"o":{"a":0,"k":100,"ix":7},"sk":{"a":0,"k":0,"ix":4},"sa":{"a":0,"k":0,"ix":5},"nm":"Transform"}],"nm":"highlight","np":2,"cix":2,"bm":0,"ix":4,"mn":"ADBE Vector Group","hd":false},{"ty":"gr","it":[{"ind":0,"ty":"sh","ix":1,"ks":{"a":0,"k":{"i":[[0,0],[-14.86,-13.474],[6.16,21.897],[14.422,-2.041],[-1.269,-12.175]],"o":[[17.48,8.816],[-4.178,-23.772],[-13.335,-5.312],[1.269,12.175],[0,0]],"v":[[-21.635,6.086],[26.081,33.896],[15.879,-20.552],[-26.081,-31.854],[-22.274,4.672]],"c":true},"ix":2},"nm":"Path 1","mn":"ADBE Vector Shape - Group","hd":false},{"ty":"fl","c":{"a":0,"k":[0.356999984442,0.776000019148,0.310000011968,1],"ix":4},"o":{"a":0,"k":100,"ix":5},"r":1,"bm":0,"nm":"Fill 1","mn":"ADBE Vector Graphic - Fill","hd":false},{"ty":"tr","p":{"a":0,"k":[193.588,292.893],"ix":2},"a":{"a":0,"k":[0,0],"ix":1},"s":{"a":0,"k":[100,100],"ix":3},"r":{"a":0,"k":0,"ix":6},"o":{"a":0,"k":100,"ix":7},"sk":{"a":0,"k":0,"ix":4},"sa":{"a":0,"k":0,"ix":5},"nm":"Transform"}],"nm":"leaf_base","np":2,"cix":2,"bm":0,"ix":5,"mn":"ADBE Vector Group","hd":false},{"ty":"gr","it":[{"ind":0,"ty":"sh","ix":1,"ks":{"a":0,"k":{"i":[[0,0],[-24.518,-8.564]],"o":[[-8.418,-30.446],[0,0]],"v":[[12.964,13.735],[11.554,16.71]],"c":true},"ix":2},"nm":"Path 1","mn":"ADBE Vector Shape - Group","hd":false},{"ty":"fl","c":{"a":0,"k":[0.788000009574,0.948999980852,0.620000023935,1],"ix":4},"o":{"a":0,"k":100,"ix":5},"r":1,"bm":0,"nm":"Fill 1","mn":"ADBE Vector Graphic - Fill","hd":false},{"ty":"tr","p":{"a":0,"k":[155.959,247.09],"ix":2},"a":{"a":0,"k":[0,0],"ix":1},"s":{"a":0,"k":[100,100],"ix":3},"r":{"a":0,"k":0,"ix":6},"o":{"a":0,"k":100,"ix":7},"sk":{"a":0,"k":0,"ix":4},"sa":{"a":0,"k":0,"ix":5},"nm":"Transform"}],"nm":"stem_base","np":2,"cix":2,"bm":0,"ix":6,"mn":"ADBE Vector Group","hd":false},{"ty":"tr","p":{"a":0,"k":[159.425,252.004],"ix":2},"a":{"a":0,"k":[159.425,252.004],"ix":1},"s":{"a":1,"k":[{"i":{"x":[0.667,0.667],"y":[1,1]},"o":{"x":[0.167,0.167],"y":[0.167,0.167]},"t":15,"s":[50,50]},{"i":{"x":[0.667,0.667],"y":[1,1]},"o":{"x":[0.333,0.333],"y":[0,0]},"t":24,"s":[105,105]},{"i":{"x":[0.667,0.667],"y":[1,1]},"o":{"x":[0.333,0.333],"y":[0,0]},"t":30,"s":[98,98]},{"i":{"x":[0.667,0.667],"y":[1,1]},"o":{"x":[0.333,0.333],"y":[0,0]},"t":38,"s":[102,102]},{"t":47,"s":[100,100]}],"ix":3},"r":{"a":1,"k":[{"i":{"x":[0.667],"y":[1]},"o":{"x":[0.167],"y":[0.167]},"t":15,"s":[-16]},{"i":{"x":[0.667],"y":[1]},"o":{"x":[0.333],"y":[0]},"t":24,"s":[3]},{"i":{"x":[0.667],"y":[1]},"o":{"x":[0.333],"y":[0]},"t":30,"s":[-2]},{"i":{"x":[0.667],"y":[1]},"o":{"x":[0.333],"y":[0]},"t":38,"s":[2]},{"t":47,"s":[0]}],"ix":6},"o":{"a":1,"k":[{"i":{"x":[0.833],"y":[0.833]},"o":{"x":[0.167],"y":[0.167]},"t":15,"s":[0]},{"t":16,"s":[100]}],"ix":7},"sk":{"a":0,"k":0,"ix":4},"sa":{"a":0,"k":0,"ix":5},"nm":"Transform"}],"nm":"R01","np":6,"cix":2,"bm":0,"ix":2,"mn":"ADBE Vector Group","hd":false},{"ty":"gr","it":[{"ty":"gr","it":[{"ind":0,"ty":"sh","ix":1,"ks":{"a":0,"k":{"i":[[0.471,10.396],[7.121,-3.4],[-0.02,0.012],[-1.382,0.338],[0.083,-0.012],[-4.582,-3.457],[3.017,-0.508],[4.698,1.559],[-1.349,-0.665],[0.101,0.08]],"o":[[-2.796,-8.65],[0.02,-0.011],[-1.166,0.864],[-0.083,0.012],[5.169,-1.23],[1.493,0.979],[-5.395,0.414],[-2.543,0.547],[-0.102,-0.078],[4.44,3.703]],"v":[[11.392,-0.405],[-10.758,-6.592],[-10.697,-6.627],[-9.493,-4.172],[-9.741,-4.137],[6.03,-2.894],[6.948,2.1],[-7.215,-3.55],[-6.221,0.145],[-6.525,-0.09]],"c":true},"ix":2},"nm":"Path 1","mn":"ADBE Vector Shape - Group","hd":false},{"ty":"fl","c":{"a":0,"k":[0.027000000898,0.286000001197,0.187999994615,1],"ix":4},"o":{"a":0,"k":100,"ix":5},"r":1,"bm":0,"nm":"Fill 1","mn":"ADBE Vector Graphic - Fill","hd":false},{"ty":"tr","p":{"a":0,"k":[118.443,229.511],"ix":2},"a":{"a":0,"k":[0,0],"ix":1},"s":{"a":0,"k":[100,100],"ix":3},"r":{"a":0,"k":0,"ix":6},"o":{"a":0,"k":100,"ix":7},"sk":{"a":0,"k":0,"ix":4},"sa":{"a":0,"k":0,"ix":5},"nm":"Transform"}],"nm":"stem_outline","np":2,"cix":2,"bm":0,"ix":1,"mn":"ADBE Vector Group","hd":false},{"ty":"gr","it":[{"ind":0,"ty":"sh","ix":1,"ks":{"a":0,"k":{"i":[[0.299,-0.718],[2.659,-5.149],[22.45,-3.676],[-15.714,8.039],[-11.363,-4.814],[0.074,-0.123],[-7.267,-4.2],[-8.692,1.638]],"o":[[-2.092,5.441],[-22.567,-3.197],[12.681,-12.219],[11.953,2.701],[-0.082,0.115],[-1.549,-2.358],[8.4,-3.374],[-0.319,0.79]],"v":[[38.141,-2.63],[30.311,12.893],[-38.097,15.086],[4.373,-15.862],[39.895,-6.628],[39.661,-6.272],[12.704,-1.816],[39.02,-4.958]],"c":true},"ix":2},"nm":"Path 1","mn":"ADBE Vector Shape - Group","hd":false},{"ind":1,"ty":"sh","ix":2,"ks":{"a":0,"k":{"i":[[4.082,0.496],[11.787,2.826],[0.566,-0.776],[13.794,-13.469],[-1.418,0.285],[-24.17,0.441]],"o":[[-10.151,-7.237],[-0.621,-0.906],[-17.507,8.363],[-1.148,1.113],[23.912,-5.457],[2.038,4.956]],"v":[[40.975,-8.152],[5.712,-18.483],[2.364,-18.068],[-43.909,16.441],[-42.433,18.975],[30.241,14.434]],"c":true},"ix":2},"nm":"Path 2","mn":"ADBE Vector Shape - Group","hd":false},{"ty":"fl","c":{"a":0,"k":[0.027000000898,0.286000001197,0.187999994615,1],"ix":4},"o":{"a":0,"k":100,"ix":5},"r":1,"bm":0,"nm":"Fill 1","mn":"ADBE Vector Graphic - Fill","hd":false},{"ty":"tr","p":{"a":0,"k":[68.924,232.78],"ix":2},"a":{"a":0,"k":[0,0],"ix":1},"s":{"a":0,"k":[100,100],"ix":3},"r":{"a":0,"k":0,"ix":6},"o":{"a":0,"k":100,"ix":7},"sk":{"a":0,"k":0,"ix":4},"sa":{"a":0,"k":0,"ix":5},"nm":"Transform"}],"nm":"leaf_outline","np":3,"cix":2,"bm":0,"ix":2,"mn":"ADBE Vector Group","hd":false},{"ty":"gr","it":[{"ind":0,"ty":"sh","ix":1,"ks":{"a":0,"k":{"i":[[-25.854,-1.482],[0,0],[-2.418,6.46],[0,0],[5.704,-0.769],[0,0],[1.239,-1.2]],"o":[[0,0],[3.642,-5.86],[0,0],[-4.83,3.13],[0,0],[-1.212,1.148],[25.388,-5.11]],"v":[[30.929,7.228],[32.471,7.492],[41.586,-11.049],[33.593,-5.87],[17.596,0.051],[-37.917,7.537],[-41.586,11.049]],"c":true},"ix":2},"nm":"Path 1","mn":"ADBE Vector Shape - Group","hd":false},{"ty":"fl","c":{"a":0,"k":[0.224000010771,0.510000011968,0.184000007779,1],"ix":4},"o":{"a":0,"k":100,"ix":5},"r":1,"bm":0,"nm":"Fill 1","mn":"ADBE Vector Graphic - Fill","hd":false},{"ty":"tr","p":{"a":0,"k":[67.673,239.245],"ix":2},"a":{"a":0,"k":[0,0],"ix":1},"s":{"a":0,"k":[100,100],"ix":3},"r":{"a":0,"k":0,"ix":6},"o":{"a":0,"k":100,"ix":7},"sk":{"a":0,"k":0,"ix":4},"sa":{"a":0,"k":0,"ix":5},"nm":"Transform"}],"nm":"shadow","np":2,"cix":2,"bm":0,"ix":3,"mn":"ADBE Vector Group","hd":false},{"ty":"gr","it":[{"ind":0,"ty":"sh","ix":1,"ks":{"a":0,"k":{"i":[[0,0],[-0.276,0.796],[12.315,2.899],[14.942,-14.428],[0,0],[-3.08,-0.524]],"o":[[0.295,-0.79],[-10.941,-6.426],[-18.665,9.221],[0,0],[2.733,-1.512],[0,0]],"v":[[40.818,-4.336],[41.678,-6.712],[4.704,-17.113],[-41.678,17.113],[3.17,-7.693],[12.15,-9.219]],"c":true},"ix":2},"nm":"Path 1","mn":"ADBE Vector Shape - Group","hd":false},{"ty":"fl","c":{"a":0,"k":[0.611999990426,0.936999990426,0.395999983245,1],"ix":4},"o":{"a":0,"k":100,"ix":5},"r":1,"bm":0,"nm":"Fill 1","mn":"ADBE Vector Graphic - Fill","hd":false},{"ty":"tr","p":{"a":0,"k":[68.441,232.531],"ix":2},"a":{"a":0,"k":[0,0],"ix":1},"s":{"a":0,"k":[100,100],"ix":3},"r":{"a":0,"k":0,"ix":6},"o":{"a":0,"k":100,"ix":7},"sk":{"a":0,"k":0,"ix":4},"sa":{"a":0,"k":0,"ix":5},"nm":"Transform"}],"nm":"highlight","np":2,"cix":2,"bm":0,"ix":4,"mn":"ADBE Vector Group","hd":false},{"ty":"gr","it":[{"ind":0,"ty":"sh","ix":1,"ks":{"a":0,"k":{"i":[[0,0],[15.369,-14.893],[-25.853,-1.483],[0,0],[-2.536,7.313],[12.537,3.062]],"o":[[-19.217,9.417],[25.387,-5.11],[0,0],[4.087,-6.574],[-11.2,-6.579],[0,0]],"v":[[5.524,-17.56],[-42.016,17.56],[30.499,13.739],[32.041,14.002],[42.016,-6.915],[4.165,-17.521]],"c":true},"ix":2},"nm":"Path 1","mn":"ADBE Vector Shape - Group","hd":false},{"ty":"fl","c":{"a":0,"k":[0.356999984442,0.776000019148,0.310000011968,1],"ix":4},"o":{"a":0,"k":100,"ix":5},"r":1,"bm":0,"nm":"Fill 1","mn":"ADBE Vector Graphic - Fill","hd":false},{"ty":"tr","p":{"a":0,"k":[68.103,232.734],"ix":2},"a":{"a":0,"k":[0,0],"ix":1},"s":{"a":0,"k":[100,100],"ix":3},"r":{"a":0,"k":0,"ix":6},"o":{"a":0,"k":100,"ix":7},"sk":{"a":0,"k":0,"ix":4},"sa":{"a":0,"k":0,"ix":5},"nm":"Transform"}],"nm":"leaf_base","np":2,"cix":2,"bm":0,"ix":5,"mn":"ADBE Vector Group","hd":false},{"ty":"gr","it":[{"ind":0,"ty":"sh","ix":1,"ks":{"a":0,"k":{"i":[[0,0],[24.165,-7.993]],"o":[[25.366,18.215],[0,0]],"v":[[-11.192,-3.581],[-14.174,-6.641]],"c":true},"ix":2},"nm":"Path 1","mn":"ADBE Vector Shape - Group","hd":false},{"ty":"fl","c":{"a":0,"k":[0.788000009574,0.948999980852,0.620000023935,1],"ix":4},"o":{"a":0,"k":100,"ix":5},"r":1,"bm":0,"nm":"Fill 1","mn":"ADBE Vector Graphic - Fill","hd":false},{"ty":"tr","p":{"a":0,"k":[122.421,230.723],"ix":2},"a":{"a":0,"k":[0,0],"ix":1},"s":{"a":0,"k":[100,100],"ix":3},"r":{"a":0,"k":0,"ix":6},"o":{"a":0,"k":100,"ix":7},"sk":{"a":0,"k":0,"ix":4},"sa":{"a":0,"k":0,"ix":5},"nm":"Transform"}],"nm":"stem_base","np":2,"cix":2,"bm":0,"ix":6,"mn":"ADBE Vector Group","hd":false},{"ty":"tr","p":{"a":0,"k":[125.827,230.556],"ix":2},"a":{"a":0,"k":[125.827,230.556],"ix":1},"s":{"a":1,"k":[{"i":{"x":[0.667,0.667],"y":[1,1]},"o":{"x":[0.167,0.167],"y":[0.167,0.167]},"t":19,"s":[50,50]},{"i":{"x":[0.575,0.575],"y":[1,1]},"o":{"x":[0.333,0.333],"y":[0,0]},"t":28,"s":[105,105]},{"i":{"x":[0.667,0.667],"y":[1,1]},"o":{"x":[0.341,0.341],"y":[0,0]},"t":34,"s":[98,98]},{"i":{"x":[0.703,0.703],"y":[1,1]},"o":{"x":[0.333,0.333],"y":[0,0]},"t":42,"s":[102,102]},{"t":51,"s":[100,100]}],"ix":3},"r":{"a":1,"k":[{"i":{"x":[0.667],"y":[1]},"o":{"x":[0.167],"y":[0.167]},"t":19,"s":[16]},{"i":{"x":[0.667],"y":[1]},"o":{"x":[0.333],"y":[0]},"t":28,"s":[-3]},{"i":{"x":[0.667],"y":[0.883]},"o":{"x":[0.333],"y":[0]},"t":34,"s":[2]},{"i":{"x":[0.667],"y":[1]},"o":{"x":[0.333],"y":[-0.264]},"t":42,"s":[-2]},{"t":51,"s":[0]}],"ix":6},"o":{"a":1,"k":[{"i":{"x":[0.833],"y":[0.833]},"o":{"x":[0.167],"y":[0.167]},"t":19,"s":[0]},{"t":20,"s":[100]}],"ix":7},"sk":{"a":0,"k":0,"ix":4},"sa":{"a":0,"k":0,"ix":5},"nm":"Transform"}],"nm":"L02","np":6,"cix":2,"bm":0,"ix":3,"mn":"ADBE Vector Group","hd":false},{"ty":"gr","it":[{"ty":"gr","it":[{"ind":0,"ty":"sh","ix":1,"ks":{"a":0,"k":{"i":[[10.236,4.622],[3.118,2.655],[0.986,7.545],[-7.219,-6.067],[2.683,0.665],[-10.569,0.986],[-3.31,-13.565]],"o":[[-3.847,-1.602],[-2.346,-7.206],[8.426,4.376],[7.274,-0.2],[10.224,1.967],[6.003,12.576],[-8.336,-7.651]],"v":[[-7.439,6.82],[-17.495,0.008],[-24.079,-21.865],[-1.233,-5.301],[-21.642,-24.012],[9.371,-18.886],[23.853,20.256]],"c":true},"ix":2},"nm":"Path 1","mn":"ADBE Vector Shape - Group","hd":false},{"ind":1,"ty":"sh","ix":2,"ks":{"a":0,"k":{"i":[[0.379,1.739],[4.992,11.498],[3.639,0.385],[9.282,2.707],[-2.243,-6.644],[-4.859,-5.439],[-9.358,-15.36]],"o":[[-2.666,-12.248],[-1.984,-3.047],[-9.583,-0.894],[-6.973,-2.413],[2.31,7.166],[12.246,11.726],[0.936,1.598]],"v":[[28.539,26.253],[17.015,-9.475],[9.794,-21.433],[-18.534,-26.667],[-26.676,-18.056],[-17.915,4.115],[25.626,27.481]],"c":true},"ix":2},"nm":"Path 2","mn":"ADBE Vector Shape - Group","hd":false},{"ty":"fl","c":{"a":0,"k":[0.027000000898,0.286000001197,0.187999994615,1],"ix":4},"o":{"a":0,"k":100,"ix":5},"r":1,"bm":0,"nm":"Fill 1","mn":"ADBE Vector Graphic - Fill","hd":false},{"ty":"tr","p":{"a":0,"k":[175.048,223.672],"ix":2},"a":{"a":0,"k":[0,0],"ix":1},"s":{"a":0,"k":[100,100],"ix":3},"r":{"a":0,"k":0,"ix":6},"o":{"a":0,"k":100,"ix":7},"sk":{"a":0,"k":0,"ix":4},"sa":{"a":0,"k":0,"ix":5},"nm":"Transform"}],"nm":"leaf_outline","np":3,"cix":2,"bm":0,"ix":1,"mn":"ADBE Vector Group","hd":false},{"ty":"gr","it":[{"ind":0,"ty":"sh","ix":1,"ks":{"a":0,"k":{"i":[[1.697,1.666],[1.263,0.186],[-2.598,1.312],[-1.866,-4.967]],"o":[[-0.854,-0.859],[-0.866,-2.108],[4.048,3.49],[-2.206,-1.024]],"v":[[1.514,6.762],[-1.445,4.68],[-0.951,-2.305],[6.996,11.401]],"c":true},"ix":2},"nm":"Path 1","mn":"ADBE Vector Shape - Group","hd":false},{"ind":1,"ty":"sh","ix":2,"ks":{"a":0,"k":{"i":[[-1.366,6.779],[-8.09,-5.298]],"o":[[-10.745,-32.326],[1.104,3.227]],"v":[[10.904,12.773],[-2.814,6.01]],"c":true},"ix":2},"nm":"Path 2","mn":"ADBE Vector Shape - Group","hd":false},{"ty":"fl","c":{"a":0,"k":[0.027000000898,0.286000001197,0.187999994615,1],"ix":4},"o":{"a":0,"k":100,"ix":5},"r":1,"bm":0,"nm":"Fill 1","mn":"ADBE Vector Graphic - Fill","hd":false},{"ty":"tr","p":{"a":0,"k":[140.039,184.287],"ix":2},"a":{"a":0,"k":[0,0],"ix":1},"s":{"a":0,"k":[100,100],"ix":3},"r":{"a":0,"k":0,"ix":6},"o":{"a":0,"k":100,"ix":7},"sk":{"a":0,"k":0,"ix":4},"sa":{"a":0,"k":0,"ix":5},"nm":"Transform"}],"nm":"stem_outline","np":3,"cix":2,"bm":0,"ix":2,"mn":"ADBE Vector Group","hd":false},{"ty":"gr","it":[{"ind":0,"ty":"sh","ix":1,"ks":{"a":0,"k":{"i":[[0,0],[-10.546,-11.714],[0.498,0.811],[9.894,5.003],[3.799,4.868],[0,0],[-3.409,-9.043]],"o":[[11.197,11.938],[0.394,-0.491],[-2.755,-4.497],[-5.51,-2.785],[0,0],[1.158,4.375],[0,0]],"v":[[-18.025,-1.413],[24.296,19.89],[24.206,17.955],[-4.112,0.028],[-18.239,-11.605],[-24.704,-19.89],[-17.887,-0.126]],"c":true},"ix":2},"nm":"Path 1","mn":"ADBE Vector Shape - Group","hd":false},{"ty":"fl","c":{"a":0,"k":[0.224000010771,0.510000011968,0.184000007779,1],"ix":4},"o":{"a":0,"k":100,"ix":5},"r":1,"bm":0,"nm":"Fill 1","mn":"ADBE Vector Graphic - Fill","hd":false},{"ty":"tr","p":{"a":0,"k":[174.996,226.661],"ix":2},"a":{"a":0,"k":[0,0],"ix":1},"s":{"a":0,"k":[100,100],"ix":3},"r":{"a":0,"k":0,"ix":6},"o":{"a":0,"k":100,"ix":7},"sk":{"a":0,"k":0,"ix":4},"sa":{"a":0,"k":0,"ix":5},"nm":"Transform"}],"nm":"shadow","np":2,"cix":2,"bm":0,"ix":3,"mn":"ADBE Vector Group","hd":false},{"ty":"gr","it":[{"ind":0,"ty":"sh","ix":1,"ks":{"a":0,"k":{"i":[[0,0],[7.586,14.817],[0.84,-7.027],[0,0],[-1.771,-3.566]],"o":[[-3.504,-16.257],[-22.339,0.002],[0,0],[3.76,1.309],[0,0]],"v":[[26.322,28.429],[9.592,-18.447],[-26.322,-21.402],[1.527,-11.706],[10.155,-4.102]],"c":true},"ix":2},"nm":"Path 1","mn":"ADBE Vector Shape - Group","hd":false},{"ty":"fl","c":{"a":0,"k":[0.611999990426,0.936999990426,0.395999983245,1],"ix":4},"o":{"a":0,"k":100,"ix":5},"r":1,"bm":0,"nm":"Fill 1","mn":"ADBE Vector Graphic - Fill","hd":false},{"ty":"tr","p":{"a":0,"k":[175.73,221.919],"ix":2},"a":{"a":0,"k":[0,0],"ix":1},"s":{"a":0,"k":[100,100],"ix":3},"r":{"a":0,"k":0,"ix":6},"o":{"a":0,"k":100,"ix":7},"sk":{"a":0,"k":0,"ix":4},"sa":{"a":0,"k":0,"ix":5},"nm":"Transform"}],"nm":"highlight","np":2,"cix":2,"bm":0,"ix":4,"mn":"ADBE Vector Group","hd":false},{"ty":"gr","it":[{"ind":0,"ty":"sh","ix":1,"ks":{"a":0,"k":{"i":[[0,0],[-33.349,0.003],[-3.504,-16.256],[12.278,13.09]],"o":[[-17.085,-45.319],[7.587,14.817],[-9.243,-16.106],[0,0]],"v":[[-13.928,10.753],[14.284,-12.309],[31.013,34.566],[-14.066,9.465]],"c":true},"ix":2},"nm":"Path 1","mn":"ADBE Vector Shape - Group","hd":false},{"ty":"fl","c":{"a":0,"k":[0.356999984442,0.776000019148,0.310000011968,1],"ix":4},"o":{"a":0,"k":100,"ix":5},"r":1,"bm":0,"nm":"Fill 1","mn":"ADBE Vector Graphic - Fill","hd":false},{"ty":"tr","p":{"a":0,"k":[171.037,215.782],"ix":2},"a":{"a":0,"k":[0,0],"ix":1},"s":{"a":0,"k":[100,100],"ix":3},"r":{"a":0,"k":0,"ix":6},"o":{"a":0,"k":100,"ix":7},"sk":{"a":0,"k":0,"ix":4},"sa":{"a":0,"k":0,"ix":5},"nm":"Transform"}],"nm":"leaf_base","np":2,"cix":2,"bm":0,"ix":5,"mn":"ADBE Vector Group","hd":false},{"ty":"gr","it":[{"ind":0,"ty":"sh","ix":1,"ks":{"a":0,"k":{"i":[[0,0],[-4.218,1.028],[5.05,3.835],[-2.574,-2.359]],"o":[[3.08,2.466],[-2.283,-5.811],[-4.075,0.272],[0,0]],"v":[[-3.867,0.684],[7.182,8.045],[-2.713,-9.072],[-4.608,-0.1]],"c":true},"ix":2},"nm":"Path 1","mn":"ADBE Vector Shape - Group","hd":false},{"ty":"fl","c":{"a":0,"k":[0.788000009574,0.948999980852,0.620000023935,1],"ix":4},"o":{"a":0,"k":100,"ix":5},"r":1,"bm":0,"nm":"Fill 1","mn":"ADBE Vector Graphic - Fill","hd":false},{"ty":"tr","p":{"a":0,"k":[142.227,189.438],"ix":2},"a":{"a":0,"k":[0,0],"ix":1},"s":{"a":0,"k":[100,100],"ix":3},"r":{"a":0,"k":0,"ix":6},"o":{"a":0,"k":100,"ix":7},"sk":{"a":0,"k":0,"ix":4},"sa":{"a":0,"k":0,"ix":5},"nm":"Transform"}],"nm":"stem_base","np":2,"cix":2,"bm":0,"ix":6,"mn":"ADBE Vector Group","hd":false},{"ty":"tr","p":{"a":0,"k":[138.535,183.544],"ix":2},"a":{"a":0,"k":[138.535,183.544],"ix":1},"s":{"a":1,"k":[{"i":{"x":[0.667,0.667],"y":[1,1]},"o":{"x":[0.167,0.167],"y":[0.167,0.167]},"t":24,"s":[50,50]},{"i":{"x":[0.667,0.667],"y":[1,1]},"o":{"x":[0.333,0.333],"y":[0,0]},"t":33,"s":[105,105]},{"i":{"x":[0.667,0.667],"y":[1,1]},"o":{"x":[0.333,0.333],"y":[0,0]},"t":39,"s":[98,98]},{"i":{"x":[0.667,0.667],"y":[1,1]},"o":{"x":[0.333,0.333],"y":[0,0]},"t":47,"s":[102,102]},{"t":56,"s":[100,100]}],"ix":3},"r":{"a":1,"k":[{"i":{"x":[0.667],"y":[1]},"o":{"x":[0.167],"y":[0.167]},"t":24,"s":[-16]},{"i":{"x":[0.667],"y":[1]},"o":{"x":[0.333],"y":[0]},"t":33,"s":[3]},{"i":{"x":[0.667],"y":[1]},"o":{"x":[0.333],"y":[0]},"t":39,"s":[-2]},{"i":{"x":[0.667],"y":[1]},"o":{"x":[0.333],"y":[0]},"t":47,"s":[2]},{"t":56,"s":[0]}],"ix":6},"o":{"a":1,"k":[{"i":{"x":[0.833],"y":[0.833]},"o":{"x":[0.167],"y":[0.167]},"t":24,"s":[0]},{"t":25,"s":[100]}],"ix":7},"sk":{"a":0,"k":0,"ix":4},"sa":{"a":0,"k":0,"ix":5},"nm":"Transform"}],"nm":"R02","np":6,"cix":2,"bm":0,"ix":4,"mn":"ADBE Vector Group","hd":false},{"ty":"gr","it":[{"ty":"gr","it":[{"ind":0,"ty":"sh","ix":1,"ks":{"a":0,"k":{"i":[[3.952,8.562],[-5.89,-3.535],[-6.429,0.363],[1.968,-1.596]],"o":[[-2.316,-9.576],[2.615,-0.743],[1.762,2.211],[-13.112,11.144]],"v":[[6.983,-3.882],[-4.154,3.412],[3.51,-4.175],[2.177,2.314]],"c":true},"ix":2},"nm":"Path 1","mn":"ADBE Vector Shape - Group","hd":false},{"ty":"fl","c":{"a":0,"k":[0.027000000898,0.286000001197,0.187999994615,1],"ix":4},"o":{"a":0,"k":100,"ix":5},"r":1,"bm":0,"nm":"Fill 1","mn":"ADBE Vector Graphic - Fill","hd":false},{"ty":"tr","p":{"a":0,"k":[104.302,142.004],"ix":2},"a":{"a":0,"k":[0,0],"ix":1},"s":{"a":0,"k":[100,100],"ix":3},"r":{"a":0,"k":0,"ix":6},"o":{"a":0,"k":100,"ix":7},"sk":{"a":0,"k":0,"ix":4},"sa":{"a":0,"k":0,"ix":5},"nm":"Transform"}],"nm":"stem_outline","np":2,"cix":2,"bm":0,"ix":1,"mn":"ADBE Vector Group","hd":false},{"ty":"gr","it":[{"ind":0,"ty":"sh","ix":1,"ks":{"a":0,"k":{"i":[[3.508,-1.747],[14.364,-9.847],[-11.485,15.319],[-9.267,1.411],[4.077,-4.352],[-6.315,2.079],[-10.559,7.454],[-0.928,-9.038]],"o":[[-15.584,7.769],[4.906,-18.373],[9.053,-2.351],[-5.246,2.833],[-1.707,1.15],[6.785,-10.978],[1.635,8.957],[-3.87,0.969]],"v":[[18.124,1.586],[-26.893,28.015],[-3.826,-23.763],[23.236,-31.006],[9.382,-19.824],[-0.243,-2.42],[25.761,-30.339],[29.246,-3.297]],"c":true},"ix":2},"nm":"Path 1","mn":"ADBE Vector Shape - Group","hd":false},{"ind":1,"ty":"sh","ix":2,"ks":{"a":0,"k":{"i":[[-0.183,2.54],[3.631,1.972],[10.1,-4.517],[4.995,-15.372],[-5.534,1.527],[-20.172,10.629]],"o":[[-1.261,-4.947],[-11.084,1.012],[-11.238,11.987],[-0.126,2.782],[18.549,-13.413],[3.882,-0.258]],"v":[[31.62,-10.631],[26.895,-34.568],[-5.326,-25.55],[-27.212,17.934],[-28.736,33.041],[30.387,-1.43]],"c":true},"ix":2},"nm":"Path 2","mn":"ADBE Vector Shape - Group","hd":false},{"ty":"fl","c":{"a":0,"k":[0.027000000898,0.286000001197,0.187999994615,1],"ix":4},"o":{"a":0,"k":100,"ix":5},"r":1,"bm":0,"nm":"Fill 1","mn":"ADBE Vector Graphic - Fill","hd":false},{"ty":"tr","p":{"a":0,"k":[76.252,177.624],"ix":2},"a":{"a":0,"k":[0,0],"ix":1},"s":{"a":0,"k":[100,100],"ix":3},"r":{"a":0,"k":0,"ix":6},"o":{"a":0,"k":100,"ix":7},"sk":{"a":0,"k":0,"ix":4},"sa":{"a":0,"k":0,"ix":5},"nm":"Transform"}],"nm":"leaf_outline","np":3,"cix":2,"bm":0,"ix":2,"mn":"ADBE Vector Group","hd":false},{"ty":"gr","it":[{"ind":0,"ty":"sh","ix":1,"ks":{"a":0,"k":{"i":[[-21.11,9.628],[0.782,5.726],[0,0],[2.923,-2.222],[0,0],[0.148,-0.549]],"o":[[-0.491,-5.773],[0,0],[-2.188,2.948],[0,0],[-0.151,0.55],[19.015,-13.295]],"v":[[30.177,-8.615],[28.249,-25.865],[21.294,-16.493],[13.588,-8.7],[-29.724,24.21],[-30.177,25.865]],"c":true},"ix":2},"nm":"Path 1","mn":"ADBE Vector Shape - Group","hd":false},{"ty":"fl","c":{"a":0,"k":[0.224000010771,0.510000011968,0.184000007779,1],"ix":4},"o":{"a":0,"k":100,"ix":5},"r":1,"bm":0,"nm":"Fill 1","mn":"ADBE Vector Graphic - Fill","hd":false},{"ty":"tr","p":{"a":0,"k":[76.908,183.453],"ix":2},"a":{"a":0,"k":[0,0],"ix":1},"s":{"a":0,"k":[100,100],"ix":3},"r":{"a":0,"k":0,"ix":6},"o":{"a":0,"k":100,"ix":7},"sk":{"a":0,"k":0,"ix":4},"sa":{"a":0,"k":0,"ix":5},"nm":"Transform"}],"nm":"shadow","np":2,"cix":2,"bm":0,"ix":3,"mn":"ADBE Vector Group","hd":false},{"ty":"gr","it":[{"ind":0,"ty":"sh","ix":1,"ks":{"a":0,"k":{"i":[[0,0],[8.613,-2.892],[5.236,-19.292],[0,0],[-2.288,1.308]],"o":[[-10.398,1.195],[-12.978,15.432],[0,0],[1.332,-2.273],[0,0]],"v":[[27.199,-31.977],[-2.357,-23.904],[-27.199,31.977],[-0.284,-13.952],[5.24,-19.417]],"c":true},"ix":2},"nm":"Path 1","mn":"ADBE Vector Shape - Group","hd":false},{"ty":"fl","c":{"a":0,"k":[0.611999990426,0.936999990426,0.395999983245,1],"ix":4},"o":{"a":0,"k":100,"ix":5},"r":1,"bm":0,"nm":"Fill 1","mn":"ADBE Vector Graphic - Fill","hd":false},{"ty":"tr","p":{"a":0,"k":[74.083,176.779],"ix":2},"a":{"a":0,"k":[0,0],"ix":1},"s":{"a":0,"k":[100,100],"ix":3},"r":{"a":0,"k":0,"ix":6},"o":{"a":0,"k":100,"ix":7},"sk":{"a":0,"k":0,"ix":4},"sa":{"a":0,"k":0,"ix":5},"nm":"Transform"}],"nm":"highlight","np":2,"cix":2,"bm":0,"ix":4,"mn":"ADBE Vector Group","hd":false},{"ty":"gr","it":[{"ind":0,"ty":"sh","ix":1,"ks":{"a":0,"k":{"i":[[9.127,-3.064],[5.26,-19.441],[-21.109,9.629],[1.761,9.977]],"o":[[-13.104,15.582],[19.015,-13.295],[-0.864,-10.151],[-10.992,0.897]],"v":[[-5.18,-24.093],[-30.177,32.351],[30.177,-2.129],[26.237,-32.351]],"c":true},"ix":2},"nm":"Path 1","mn":"ADBE Vector Shape - Group","hd":false},{"ty":"fl","c":{"a":0,"k":[0.356999984442,0.776000019148,0.310000011968,1],"ix":4},"o":{"a":0,"k":100,"ix":5},"r":1,"bm":0,"nm":"Fill 1","mn":"ADBE Vector Graphic - Fill","hd":false},{"ty":"tr","p":{"a":0,"k":[76.907,176.967],"ix":2},"a":{"a":0,"k":[0,0],"ix":1},"s":{"a":0,"k":[100,100],"ix":3},"r":{"a":0,"k":0,"ix":6},"o":{"a":0,"k":100,"ix":7},"sk":{"a":0,"k":0,"ix":4},"sa":{"a":0,"k":0,"ix":5},"nm":"Transform"}],"nm":"leaf_base","np":2,"cix":2,"bm":0,"ix":5,"mn":"ADBE Vector Group","hd":false},{"ty":"gr","it":[{"ind":0,"ty":"sh","ix":1,"ks":{"a":0,"k":{"i":[[0,0],[-4.175,-0.58],[4.161,-3.2]],"o":[[0.245,-4.051],[4.481,5.684],[0,0]],"v":[[-6.458,1.682],[1.977,-5.971],[-3.559,6.551]],"c":true},"ix":2},"nm":"Path 1","mn":"ADBE Vector Shape - Group","hd":false},{"ty":"fl","c":{"a":0,"k":[0.788000009574,0.948999980852,0.620000023935,1],"ix":4},"o":{"a":0,"k":100,"ix":5},"r":1,"bm":0,"nm":"Fill 1","mn":"ADBE Vector Graphic - Fill","hd":false},{"ty":"tr","p":{"a":0,"k":[106.606,142.331],"ix":2},"a":{"a":0,"k":[0,0],"ix":1},"s":{"a":0,"k":[100,100],"ix":3},"r":{"a":0,"k":0,"ix":6},"o":{"a":0,"k":100,"ix":7},"sk":{"a":0,"k":0,"ix":4},"sa":{"a":0,"k":0,"ix":5},"nm":"Transform"}],"nm":"stem_base","np":2,"cix":2,"bm":0,"ix":6,"mn":"ADBE Vector Group","hd":false},{"ty":"tr","p":{"a":0,"k":[107.823,137.503],"ix":2},"a":{"a":0,"k":[107.823,137.503],"ix":1},"s":{"a":1,"k":[{"i":{"x":[0.667,0.667],"y":[1,1]},"o":{"x":[0.167,0.167],"y":[0.167,0.167]},"t":29,"s":[50,50]},{"i":{"x":[0.575,0.575],"y":[1,1]},"o":{"x":[0.333,0.333],"y":[0,0]},"t":38,"s":[105,105]},{"i":{"x":[0.667,0.667],"y":[1,1]},"o":{"x":[0.341,0.341],"y":[0,0]},"t":44,"s":[98,98]},{"i":{"x":[0.703,0.703],"y":[1,1]},"o":{"x":[0.333,0.333],"y":[0,0]},"t":52,"s":[102,102]},{"t":61,"s":[100,100]}],"ix":3},"r":{"a":1,"k":[{"i":{"x":[0.667],"y":[1]},"o":{"x":[0.167],"y":[0.167]},"t":29,"s":[16]},{"i":{"x":[0.667],"y":[1]},"o":{"x":[0.333],"y":[0]},"t":38,"s":[-3]},{"i":{"x":[0.667],"y":[0.883]},"o":{"x":[0.333],"y":[0]},"t":44,"s":[2]},{"i":{"x":[0.667],"y":[1]},"o":{"x":[0.333],"y":[-0.264]},"t":52,"s":[-2]},{"t":61,"s":[0]}],"ix":6},"o":{"a":1,"k":[{"i":{"x":[0.833],"y":[0.833]},"o":{"x":[0.167],"y":[0.167]},"t":29,"s":[0]},{"t":30,"s":[100]}],"ix":7},"sk":{"a":0,"k":0,"ix":4},"sa":{"a":0,"k":0,"ix":5},"nm":"Transform"}],"nm":"L03","np":6,"cix":2,"bm":0,"ix":5,"mn":"ADBE Vector Group","hd":false},{"ty":"gr","it":[{"ty":"gr","it":[{"ind":0,"ty":"sh","ix":1,"ks":{"a":0,"k":{"i":[[1.347,1.447],[-0.373,-1.847]],"o":[[-5.635,-2.995],[4.7,1.723]],"v":[[-2.879,-7.613],[3.814,8.885]],"c":true},"ix":2},"nm":"Path 1","mn":"ADBE Vector Shape - Group","hd":false},{"ty":"fl","c":{"a":0,"k":[0.027000000898,0.286000001197,0.187999994615,1],"ix":4},"o":{"a":0,"k":100,"ix":5},"r":1,"bm":0,"nm":"Fill 1","mn":"ADBE Vector Graphic - Fill","hd":false},{"ty":"tr","p":{"a":0,"k":[148.881,147.799],"ix":2},"a":{"a":0,"k":[0,0],"ix":1},"s":{"a":0,"k":[100,100],"ix":3},"r":{"a":0,"k":0,"ix":6},"o":{"a":0,"k":100,"ix":7},"sk":{"a":0,"k":0,"ix":4},"sa":{"a":0,"k":0,"ix":5},"nm":"Transform"}],"nm":"vein","np":2,"cix":2,"bm":0,"ix":1,"mn":"ADBE Vector Group","hd":false},{"ty":"gr","it":[{"ind":0,"ty":"sh","ix":1,"ks":{"a":0,"k":{"i":[[1.111,0.719],[6.765,9.546],[-3.568,4.881],[-6.17,-5.829],[-0.05,-10.123]],"o":[[-10.128,-6.592],[1.904,-4.979],[8.657,2.396],[2.18,9.884],[-1.087,-0.737]],"v":[[11.085,25.041],[-10.879,-2.5],[-8.954,-19.01],[10.966,-2.968],[14.434,27.119]],"c":true},"ix":2},"nm":"Path 1","mn":"ADBE Vector Shape - Group","hd":false},{"ind":1,"ty":"sh","ix":2,"ks":{"a":0,"k":{"i":[[0.031,1.773],[5.483,4.373],[-5.041,-29.731],[-9.223,-0.416]],"o":[[-0.861,-7.23],[-11.389,-15.302],[0.373,7.683],[3.185,3.324]],"v":[[17.397,20.885],[11.311,-6.057],[-12.93,-3.16],[14.786,29.566]],"c":true},"ix":2},"nm":"Path 2","mn":"ADBE Vector Shape - Group","hd":false},{"ty":"fl","c":{"a":0,"k":[0.027000000898,0.286000001197,0.187999994615,1],"ix":4},"o":{"a":0,"k":100,"ix":5},"r":1,"bm":0,"nm":"Fill 1","mn":"ADBE Vector Graphic - Fill","hd":false},{"ty":"tr","p":{"a":0,"k":[152.102,155.311],"ix":2},"a":{"a":0,"k":[0,0],"ix":1},"s":{"a":0,"k":[100,100],"ix":3},"r":{"a":0,"k":0,"ix":6},"o":{"a":0,"k":100,"ix":7},"sk":{"a":0,"k":0,"ix":4},"sa":{"a":0,"k":0,"ix":5},"nm":"Transform"}],"nm":"leaf_outline","np":3,"cix":2,"bm":0,"ix":2,"mn":"ADBE Vector Group","hd":false},{"ty":"gr","it":[{"ind":0,"ty":"sh","ix":1,"ks":{"a":0,"k":{"i":[[0.621,1.072],[-6.118,-11.446],[-1.52,2.372],[0.045,-0.105],[0.705,0.22],[-0.015,-0.011],[1.057,0.279],[-3.524,-0.584],[-2.331,-1.891]],"o":[[-5.015,-12.866],[1.696,1.945],[-0.044,0.104],[0.454,-0.539],[0.014,0.011],[-0.951,-0.591],[-3.337,0.023],[3.08,1.339],[1.197,0.354]],"v":[[8.378,3.637],[-2.881,6.48],[4.806,6.856],[4.673,7.171],[4.202,5.371],[4.245,5.403],[1.055,5.324],[0.749,-1.441],[6.768,5.733]],"c":true},"ix":2},"nm":"Path 2","mn":"ADBE Vector Shape - Group","hd":false},{"ty":"fl","c":{"a":0,"k":[0.027000000898,0.286000001197,0.187999994615,1],"ix":4},"o":{"a":0,"k":100,"ix":5},"r":1,"bm":0,"nm":"Fill 1","mn":"ADBE Vector Graphic - Fill","hd":false},{"ty":"tr","p":{"a":0,"k":[133.87,131.863],"ix":2},"a":{"a":0,"k":[0,0],"ix":1},"s":{"a":0,"k":[100,100],"ix":3},"r":{"a":0,"k":0,"ix":6},"o":{"a":0,"k":100,"ix":7},"sk":{"a":0,"k":0,"ix":4},"sa":{"a":0,"k":0,"ix":5},"nm":"Transform"}],"nm":"stem_outline","np":2,"cix":2,"bm":0,"ix":3,"mn":"ADBE Vector Group","hd":false},{"ty":"gr","it":[{"ind":0,"ty":"sh","ix":1,"ks":{"a":0,"k":{"i":[[0,0],[-12.696,-5.133],[0,0],[-0.001,0.026],[0,0],[2.477,2.792],[0,0],[-0.012,-0.238]],"o":[[7.15,11.035],[0,0],[0.002,-0.025],[0,0],[-2.248,-2.98],[0,0],[0.017,0.243],[0,0]],"v":[[-13.974,-14.793],[12.927,15.938],[13.972,16.776],[13.974,16.699],[4.673,4.37],[-2.418,-4.293],[-13.494,-16.776],[-13.448,-16.051]],"c":true},"ix":2},"nm":"Path 1","mn":"ADBE Vector Shape - Group","hd":false},{"ty":"fl","c":{"a":0,"k":[0.224000010771,0.510000011968,0.184000007779,1],"ix":4},"o":{"a":0,"k":100,"ix":5},"r":1,"bm":0,"nm":"Fill 1","mn":"ADBE Vector Graphic - Fill","hd":false},{"ty":"tr","p":{"a":0,"k":[153.878,167.932],"ix":2},"a":{"a":0,"k":[0,0],"ix":1},"s":{"a":0,"k":[100,100],"ix":3},"r":{"a":0,"k":0,"ix":6},"o":{"a":0,"k":100,"ix":7},"sk":{"a":0,"k":0,"ix":4},"sa":{"a":0,"k":0,"ix":5},"nm":"Transform"}],"nm":"shadow","np":2,"cix":2,"bm":0,"ix":4,"mn":"ADBE Vector Group","hd":false},{"ty":"gr","it":[{"ind":0,"ty":"sh","ix":1,"ks":{"a":0,"k":{"i":[[3.265,11.201],[0,0],[8.686,2.068],[0.075,-0.119],[0,0],[-0.565,-2.092],[0,0],[0,0]],"o":[[0,0],[-5.318,-7.029],[-0.075,0.118],[0,0],[1.329,1.714],[0,0],[0,0],[0.565,-11.654]],"v":[[8.365,-9.522],[8.361,-7.804],[-12.863,-25.079],[-13.017,-24.837],[2.222,-5.176],[5.089,0.591],[11.48,24.298],[12.452,25.079]],"c":true},"ix":2},"nm":"Path 1","mn":"ADBE Vector Shape - Group","hd":false},{"ty":"fl","c":{"a":0,"k":[0.611999990426,0.936999990426,0.395999983245,1],"ix":4},"o":{"a":0,"k":100,"ix":5},"r":1,"bm":0,"nm":"Fill 1","mn":"ADBE Vector Graphic - Fill","hd":false},{"ty":"tr","p":{"a":0,"k":[155.398,159.629],"ix":2},"a":{"a":0,"k":[0,0],"ix":1},"s":{"a":0,"k":[100,100],"ix":3},"r":{"a":0,"k":0,"ix":6},"o":{"a":0,"k":100,"ix":7},"sk":{"a":0,"k":0,"ix":4},"sa":{"a":0,"k":0,"ix":5},"nm":"Transform"}],"nm":"highlight","np":2,"cix":2,"bm":0,"ix":5,"mn":"ADBE Vector Group","hd":false},{"ty":"gr","it":[{"ind":0,"ty":"sh","ix":1,"ks":{"a":0,"k":{"i":[[0,0],[3.265,11.202],[0,0],[8.674,2.079],[-0.291,-5.541],[0,0],[-12.696,-5.134]],"o":[[0.565,-11.653],[0,0],[-5.312,-7.022],[-3.907,4.491],[0,0],[7.15,11.034],[0,0]],"v":[[14.315,25.076],[10.228,-9.525],[10.224,-7.807],[-10.973,-25.076],[-13.105,-7.751],[-13.631,-6.492],[13.27,24.238]],"c":false},"ix":2},"nm":"Path 1","mn":"ADBE Vector Shape - Group","hd":false},{"ty":"fl","c":{"a":0,"k":[0.356999984442,0.776000019148,0.310000011968,1],"ix":4},"o":{"a":0,"k":100,"ix":5},"r":1,"bm":0,"nm":"Fill 1","mn":"ADBE Vector Graphic - Fill","hd":false},{"ty":"tr","p":{"a":0,"k":[153.535,159.632],"ix":2},"a":{"a":0,"k":[0,0],"ix":1},"s":{"a":0,"k":[100,100],"ix":3},"r":{"a":0,"k":0,"ix":6},"o":{"a":0,"k":100,"ix":7},"sk":{"a":0,"k":0,"ix":4},"sa":{"a":0,"k":0,"ix":5},"nm":"Transform"}],"nm":"leaf_base","np":2,"cix":2,"bm":0,"ix":6,"mn":"ADBE Vector Group","hd":false},{"ty":"gr","it":[{"ind":0,"ty":"sh","ix":1,"ks":{"a":0,"k":{"i":[[0,0],[-9.844,-19.714]],"o":[[-12.167,3.581],[0,0]],"v":[[4.309,8.99],[7.859,7.142]],"c":true},"ix":2},"nm":"Path 1","mn":"ADBE Vector Shape - Group","hd":false},{"ty":"fl","c":{"a":0,"k":[0.788000009574,0.948999980852,0.620000023935,1],"ix":4},"o":{"a":0,"k":100,"ix":5},"r":1,"bm":0,"nm":"Fill 1","mn":"ADBE Vector Graphic - Fill","hd":false},{"ty":"tr","p":{"a":0,"k":[133.284,129.327],"ix":2},"a":{"a":0,"k":[0,0],"ix":1},"s":{"a":0,"k":[100,100],"ix":3},"r":{"a":0,"k":0,"ix":6},"o":{"a":0,"k":100,"ix":7},"sk":{"a":0,"k":0,"ix":4},"sa":{"a":0,"k":0,"ix":5},"nm":"Transform"}],"nm":"stem_base","np":2,"cix":2,"bm":0,"ix":7,"mn":"ADBE Vector Group","hd":false},{"ty":"tr","p":{"a":0,"k":[132.814,131.701],"ix":2},"a":{"a":0,"k":[132.814,131.701],"ix":1},"s":{"a":1,"k":[{"i":{"x":[0.667,0.667],"y":[1,1]},"o":{"x":[0.167,0.167],"y":[0.167,0.167]},"t":30,"s":[50,50]},{"i":{"x":[0.667,0.667],"y":[1,1]},"o":{"x":[0.333,0.333],"y":[0,0]},"t":39,"s":[105,105]},{"i":{"x":[0.667,0.667],"y":[1,1]},"o":{"x":[0.333,0.333],"y":[0,0]},"t":45,"s":[98,98]},{"i":{"x":[0.667,0.667],"y":[1,1]},"o":{"x":[0.333,0.333],"y":[0,0]},"t":53,"s":[102,102]},{"t":62,"s":[100,100]}],"ix":3},"r":{"a":1,"k":[{"i":{"x":[0.667],"y":[1]},"o":{"x":[0.167],"y":[0.167]},"t":30,"s":[-16]},{"i":{"x":[0.667],"y":[1]},"o":{"x":[0.333],"y":[0]},"t":39,"s":[3]},{"i":{"x":[0.667],"y":[1]},"o":{"x":[0.333],"y":[0]},"t":45,"s":[-2]},{"i":{"x":[0.667],"y":[1]},"o":{"x":[0.333],"y":[0]},"t":53,"s":[2]},{"t":62,"s":[0]}],"ix":6},"o":{"a":1,"k":[{"i":{"x":[0.833],"y":[0.833]},"o":{"x":[0.167],"y":[0.167]},"t":30,"s":[0]},{"t":31,"s":[100]}],"ix":7},"sk":{"a":0,"k":0,"ix":4},"sa":{"a":0,"k":0,"ix":5},"nm":"Transform"}],"nm":"R03","np":7,"cix":2,"bm":0,"ix":6,"mn":"ADBE Vector Group","hd":false},{"ty":"gr","it":[{"ty":"gr","it":[{"ind":0,"ty":"sh","ix":1,"ks":{"a":0,"k":{"i":[[0.138,-4.962],[-0.019,-0.947],[3.29,3.892]],"o":[[-0.252,0.902],[-6.009,0.068],[4.119,1.439]],"v":[[6.442,5.562],[5.924,8.323],[-4.744,-3.618]],"c":true},"ix":2},"nm":"Path 1","mn":"ADBE Vector Shape - Group","hd":false},{"ind":1,"ty":"sh","ix":2,"ks":{"a":0,"k":{"i":[[-1.062,3.537],[-3.407,-7.615],[-6.104,-0.595]],"o":[[2.371,-5.503],[2.863,4.646],[5.29,0.971]],"v":[[9.497,5.018],[-8.46,-4.501],[4.459,11.145]],"c":true},"ix":2},"nm":"Path 3","mn":"ADBE Vector Shape - Group","hd":false},{"ty":"fl","c":{"a":0,"k":[0.027000000898,0.286000001197,0.187999994615,1],"ix":4},"o":{"a":0,"k":100,"ix":5},"r":1,"bm":0,"nm":"Fill 1","mn":"ADBE Vector Graphic - Fill","hd":false},{"ty":"tr","p":{"a":0,"k":[105.422,109.408],"ix":2},"a":{"a":0,"k":[0,0],"ix":1},"s":{"a":0,"k":[100,100],"ix":3},"r":{"a":0,"k":0,"ix":6},"o":{"a":0,"k":100,"ix":7},"sk":{"a":0,"k":0,"ix":4},"sa":{"a":0,"k":0,"ix":5},"nm":"Transform"}],"nm":"stem_outline","np":3,"cix":2,"bm":0,"ix":1,"mn":"ADBE Vector Group","hd":false},{"ty":"gr","it":[{"ind":0,"ty":"sh","ix":1,"ks":{"a":0,"k":{"i":[[3.048,-2.87],[3.182,-3.266],[20.565,4.34],[-20.199,6.184],[-6.155,-4.644],[-5.028,-4.314],[-12.482,-1.586]],"o":[[-3.326,3.131],[-20.969,0.321],[17.621,-11.846],[6.766,3.203],[-3.183,-1.141],[12.305,-1.367],[-2.868,3.089]],"v":[[35.366,7.168],[25.559,16.666],[-36.972,11.146],[20.601,-14.724],[41.108,-4.742],[7.471,1.328],[44.491,-1.649]],"c":true},"ix":2},"nm":"Path 1","mn":"ADBE Vector Shape - Group","hd":false},{"ind":1,"ty":"sh","ix":2,"ks":{"a":0,"k":{"i":[[1.941,3.159],[9.634,1.793],[-8.337,-5.291],[-22.49,1.205],[0.025,0.77]],"o":[[-7.485,-6.29],[-4.646,-4.208],[22.057,4.196],[1.015,-0.091],[3.344,-2.768]],"v":[[48.22,-3.373],[21.731,-16.725],[-41.824,13.646],[25.192,19.728],[26.686,18.06]],"c":true},"ix":2},"nm":"Path 2","mn":"ADBE Vector Shape - Group","hd":false},{"ty":"fl","c":{"a":0,"k":[0.027000000898,0.286000001197,0.187999994615,1],"ix":4},"o":{"a":0,"k":100,"ix":5},"r":1,"bm":0,"nm":"Fill 1","mn":"ADBE Vector Graphic - Fill","hd":false},{"ty":"tr","p":{"a":0,"k":[50.411,105.962],"ix":2},"a":{"a":0,"k":[0,0],"ix":1},"s":{"a":0,"k":[100,100],"ix":3},"r":{"a":0,"k":0,"ix":6},"o":{"a":0,"k":100,"ix":7},"sk":{"a":0,"k":0,"ix":4},"sa":{"a":0,"k":0,"ix":5},"nm":"Transform"}],"nm":"leaf_outline","np":3,"cix":2,"bm":0,"ix":2,"mn":"ADBE Vector Group","hd":false},{"ty":"gr","it":[{"ind":0,"ty":"sh","ix":1,"ks":{"a":0,"k":{"i":[[-23.671,0.706],[-6.362,6.359],[0,0],[4.995,-0.214],[0,0]],"o":[[6.839,-5.844],[0,0],[-4.602,1.951],[0,0],[22.937,4.453]],"v":[[22.392,8.81],[42.189,-9.517],[25.722,-2.532],[11.21,0.743],[-42.189,3.033]],"c":true},"ix":2},"nm":"Path 1","mn":"ADBE Vector Shape - Group","hd":false},{"ty":"fl","c":{"a":0,"k":[0.224000010771,0.510000011968,0.184000007779,1],"ix":4},"o":{"a":0,"k":100,"ix":5},"r":1,"bm":0,"nm":"Fill 1","mn":"ADBE Vector Graphic - Fill","hd":false},{"ty":"tr","p":{"a":0,"k":[53.211,115.325],"ix":2},"a":{"a":0,"k":[0,0],"ix":1},"s":{"a":0,"k":[100,100],"ix":3},"r":{"a":0,"k":0,"ix":6},"o":{"a":0,"k":100,"ix":7},"sk":{"a":0,"k":0,"ix":4},"sa":{"a":0,"k":0,"ix":5},"nm":"Transform"}],"nm":"shadow","np":2,"cix":2,"bm":0,"ix":3,"mn":"ADBE Vector Group","hd":false},{"ty":"gr","it":[{"ind":0,"ty":"sh","ix":1,"ks":{"a":0,"k":{"i":[[0,0],[0,0],[8.432,2.389],[0,0],[18.775,-12.957],[0,0],[-2.59,-0.736]],"o":[[0,0],[-6.976,-5.303],[0,0],[-22.123,5.564],[0,0],[2.548,-0.871],[0,0]],"v":[[42.549,0.382],[43.314,-1.697],[19.945,-13.393],[18.695,-14.041],[-43.314,14.041],[13.555,-5.402],[21.446,-5.61]],"c":true},"ix":2},"nm":"Path 1","mn":"ADBE Vector Shape - Group","hd":false},{"ty":"fl","c":{"a":0,"k":[0.611999990426,0.936999990426,0.395999983245,1],"ix":4},"o":{"a":0,"k":100,"ix":5},"r":1,"bm":0,"nm":"Fill 1","mn":"ADBE Vector Graphic - Fill","hd":false},{"ty":"tr","p":{"a":0,"k":[52.354,103.931],"ix":2},"a":{"a":0,"k":[0,0],"ix":1},"s":{"a":0,"k":[100,100],"ix":3},"r":{"a":0,"k":0,"ix":6},"o":{"a":0,"k":100,"ix":7},"sk":{"a":0,"k":0,"ix":4},"sa":{"a":0,"k":0,"ix":5},"nm":"Transform"}],"nm":"highlight","np":2,"cix":2,"bm":0,"ix":4,"mn":"ADBE Vector Group","hd":false},{"ty":"gr","it":[{"ind":0,"ty":"sh","ix":1,"ks":{"a":0,"k":{"i":[[0,0],[18.775,-12.958],[-24.355,0.726],[-7.011,7.13],[9.189,2.603]],"o":[[-22.124,5.563],[23.904,4.725],[7.603,-6.497],[-7.403,-6.037],[0,0]],"v":[[17.761,-17.486],[-44.251,10.598],[22.314,16.76],[44.251,-3.694],[19.011,-16.837]],"c":true},"ix":2},"nm":"Path 1","mn":"ADBE Vector Shape - Group","hd":false},{"ty":"fl","c":{"a":0,"k":[0.356999984442,0.776000019148,0.310000011968,1],"ix":4},"o":{"a":0,"k":100,"ix":5},"r":1,"bm":0,"nm":"Fill 1","mn":"ADBE Vector Graphic - Fill","hd":false},{"ty":"tr","p":{"a":0,"k":[53.288,107.376],"ix":2},"a":{"a":0,"k":[0,0],"ix":1},"s":{"a":0,"k":[100,100],"ix":3},"r":{"a":0,"k":0,"ix":6},"o":{"a":0,"k":100,"ix":7},"sk":{"a":0,"k":0,"ix":4},"sa":{"a":0,"k":0,"ix":5},"nm":"Transform"}],"nm":"leaf_base","np":2,"cix":2,"bm":0,"ix":5,"mn":"ADBE Vector Group","hd":false},{"ty":"gr","it":[{"ind":0,"ty":"sh","ix":1,"ks":{"a":0,"k":{"i":[[0,0],[-3.198,-5.344],[-0.304,-1.71],[0.995,-0.283],[3.767,3.543]],"o":[[6.053,0.793],[0.495,1.664],[0.382,1.703],[-4.773,-0.79],[0,0]],"v":[[-8.1,-8.048],[7.605,1.233],[7.015,6.345],[3.688,7.347],[-7.819,-6.915]],"c":true},"ix":2},"nm":"Path 1","mn":"ADBE Vector Shape - Group","hd":false},{"ty":"fl","c":{"a":0,"k":[0.788000009574,0.948999980852,0.620000023935,1],"ix":4},"o":{"a":0,"k":100,"ix":5},"r":1,"bm":0,"nm":"Fill 1","mn":"ADBE Vector Graphic - Fill","hd":false},{"ty":"tr","p":{"a":0,"k":[105.81,111.816],"ix":2},"a":{"a":0,"k":[0,0],"ix":1},"s":{"a":0,"k":[100,100],"ix":3},"r":{"a":0,"k":0,"ix":6},"o":{"a":0,"k":100,"ix":7},"sk":{"a":0,"k":0,"ix":4},"sa":{"a":0,"k":0,"ix":5},"nm":"Transform"}],"nm":"stem_base","np":2,"cix":2,"bm":0,"ix":6,"mn":"ADBE Vector Group","hd":false},{"ty":"tr","p":{"a":0,"k":[109.479,115.639],"ix":2},"a":{"a":0,"k":[109.479,115.639],"ix":1},"s":{"a":1,"k":[{"i":{"x":[0.667,0.667],"y":[1,1]},"o":{"x":[0.167,0.167],"y":[0.167,0.167]},"t":31,"s":[50,50]},{"i":{"x":[0.575,0.575],"y":[1,1]},"o":{"x":[0.333,0.333],"y":[0,0]},"t":40,"s":[105,105]},{"i":{"x":[0.667,0.667],"y":[1,1]},"o":{"x":[0.341,0.341],"y":[0,0]},"t":46,"s":[98,98]},{"i":{"x":[0.703,0.703],"y":[1,1]},"o":{"x":[0.333,0.333],"y":[0,0]},"t":54,"s":[102,102]},{"t":63,"s":[100,100]}],"ix":3},"r":{"a":1,"k":[{"i":{"x":[0.667],"y":[1]},"o":{"x":[0.167],"y":[0.167]},"t":31,"s":[16]},{"i":{"x":[0.667],"y":[1]},"o":{"x":[0.333],"y":[0]},"t":40,"s":[-3]},{"i":{"x":[0.667],"y":[0.883]},"o":{"x":[0.333],"y":[0]},"t":46,"s":[2]},{"i":{"x":[0.667],"y":[1]},"o":{"x":[0.333],"y":[-0.264]},"t":54,"s":[-2]},{"t":63,"s":[0]}],"ix":6},"o":{"a":1,"k":[{"i":{"x":[0.833],"y":[0.833]},"o":{"x":[0.167],"y":[0.167]},"t":31,"s":[0]},{"t":32,"s":[100]}],"ix":7},"sk":{"a":0,"k":0,"ix":4},"sa":{"a":0,"k":0,"ix":5},"nm":"Transform"}],"nm":"L04","np":6,"cix":2,"bm":0,"ix":7,"mn":"ADBE Vector Group","hd":false},{"ty":"gr","it":[{"ty":"gr","it":[{"ind":0,"ty":"sh","ix":1,"ks":{"a":0,"k":{"i":[[5.537,1.538],[6.741,-3.536],[0.667,0.977],[-4.913,1.209],[4.694,3.802],[-19.074,9.769]],"o":[[-7.264,2.409],[-0.629,0.327],[0.302,-5.769],[1.863,-1.261],[-24.563,-3.153],[1.846,-1.238]],"v":[[15.421,-7.595],[-5.102,2.745],[-8.797,3.41],[3.487,-6.419],[13.826,-10.293],[-1.884,3.677]],"c":true},"ix":2},"nm":"Path 1","mn":"ADBE Vector Shape - Group","hd":false},{"ty":"fl","c":{"a":0,"k":[0.027000000898,0.286000001197,0.187999994615,1],"ix":4},"o":{"a":0,"k":100,"ix":5},"r":1,"bm":0,"nm":"Fill 1","mn":"ADBE Vector Graphic - Fill","hd":false},{"ty":"tr","p":{"a":0,"k":[143.101,113.84],"ix":2},"a":{"a":0,"k":[0,0],"ix":1},"s":{"a":0,"k":[100,100],"ix":3},"r":{"a":0,"k":0,"ix":6},"o":{"a":0,"k":100,"ix":7},"sk":{"a":0,"k":0,"ix":4},"sa":{"a":0,"k":0,"ix":5},"nm":"Transform"}],"nm":"stem_outline","np":2,"cix":2,"bm":0,"ix":1,"mn":"ADBE Vector Group","hd":false},{"ty":"gr","it":[{"ind":0,"ty":"sh","ix":1,"ks":{"a":0,"k":{"i":[[2.413,-0.063],[16.974,-5.729],[11.578,5.57],[-14.554,-0.877],[0.925,0.153],[13.791,-1.885],[-16.213,3.586],[-13.849,-10.585]],"o":[[-17.837,0.658],[-11.423,-5.904],[14.621,-2.711],[0.919,0.065],[-13.396,-2.28],[14.43,-9.375],[15.335,8.475],[-2.414,-0.001]],"v":[[39.76,12.529],[-13.262,20.607],[-46.141,0.56],[-2.528,3.635],[-2.308,2.008],[-42.859,-2.921],[5.102,-18.759],[47.001,12.426]],"c":true},"ix":2},"nm":"Path 1","mn":"ADBE Vector Shape - Group","hd":false},{"ind":1,"ty":"sh","ix":2,"ks":{"a":0,"k":{"i":[[-0.61,1.375],[2.904,-5.186],[16.387,-10.995],[-1.371,-0.498],[-13.483,-4.387],[-4.926,-0.441],[-12.433,-0.047]],"o":[[-2.856,-4.643],[-20.012,-0.793],[-1.19,0.839],[13.414,4.664],[1.178,3.056],[12.304,-1.85],[1.349,0.084]],"v":[[52.943,14.341],[4.617,-20.141],[-51.753,-1.096],[-51.361,1.91],[-14.404,22.27],[11.75,18.153],[48.948,15.698]],"c":true},"ix":2},"nm":"Path 2","mn":"ADBE Vector Shape - Group","hd":false},{"ty":"fl","c":{"a":0,"k":[0.027000000898,0.286000001197,0.187999994615,1],"ix":4},"o":{"a":0,"k":100,"ix":5},"r":1,"bm":0,"nm":"Fill 1","mn":"ADBE Vector Graphic - Fill","hd":false},{"ty":"tr","p":{"a":0,"k":[207.958,106.577],"ix":2},"a":{"a":0,"k":[0,0],"ix":1},"s":{"a":0,"k":[100,100],"ix":3},"r":{"a":0,"k":0,"ix":6},"o":{"a":0,"k":100,"ix":7},"sk":{"a":0,"k":0,"ix":4},"sa":{"a":0,"k":0,"ix":5},"nm":"Transform"}],"nm":"leaf_outline","np":3,"cix":2,"bm":0,"ix":2,"mn":"ADBE Vector Group","hd":false},{"ty":"gr","it":[{"ind":0,"ty":"sh","ix":1,"ks":{"a":0,"k":{"i":[[0,0],[4.851,1.651],[0,0],[-13.59,-5.122],[-21.29,-0.204],[0,0]],"o":[[-5.125,0.037],[0,0],[13.923,4.984],[20.452,-6.107],[0,0],[0,0]],"v":[[-3.381,2.681],[-18.452,0.243],[-50.828,-10.777],[-12.569,10.777],[50.765,2.978],[50.828,2.29]],"c":true},"ix":2},"nm":"Path 1","mn":"ADBE Vector Shape - Group","hd":false},{"ty":"fl","c":{"a":0,"k":[0.224000010771,0.510000011968,0.184000007779,1],"ix":4},"o":{"a":0,"k":100,"ix":5},"r":1,"bm":0,"nm":"Fill 1","mn":"ADBE Vector Graphic - Fill","hd":false},{"ty":"tr","p":{"a":0,"k":[207.862,117.68],"ix":2},"a":{"a":0,"k":[0,0],"ix":1},"s":{"a":0,"k":[100,100],"ix":3},"r":{"a":0,"k":0,"ix":6},"o":{"a":0,"k":100,"ix":7},"sk":{"a":0,"k":0,"ix":4},"sa":{"a":0,"k":0,"ix":5},"nm":"Transform"}],"nm":"shadow","np":2,"cix":2,"bm":0,"ix":3,"mn":"ADBE Vector Group","hd":false},{"ty":"gr","it":[{"ind":0,"ty":"sh","ix":1,"ks":{"a":0,"k":{"i":[[0,0],[16.115,-11.383],[0,0],[-4.45,-2.142],[0,0],[19.014,9.905]],"o":[[-19.685,1.336],[0,0],[4.848,-0.942],[0,0],[-17.22,-12.235],[0,0]],"v":[[3.789,-16.267],[-51.293,3.302],[-5.684,-5.554],[8.636,-3.706],[51.293,16.818],[5.467,-16.818]],"c":true},"ix":2},"nm":"Path 1","mn":"ADBE Vector Shape - Group","hd":false},{"ty":"fl","c":{"a":0,"k":[0.611999990426,0.936999990426,0.395999983245,1],"ix":4},"o":{"a":0,"k":100,"ix":5},"r":1,"bm":0,"nm":"Fill 1","mn":"ADBE Vector Graphic - Fill","hd":false},{"ty":"tr","p":{"a":0,"k":[208.326,103.599],"ix":2},"a":{"a":0,"k":[0,0],"ix":1},"s":{"a":0,"k":[100,100],"ix":3},"r":{"a":0,"k":0,"ix":6},"o":{"a":0,"k":100,"ix":7},"sk":{"a":0,"k":0,"ix":4},"sa":{"a":0,"k":0,"ix":5},"nm":"Transform"}],"nm":"highlight","np":2,"cix":2,"bm":0,"ix":4,"mn":"ADBE Vector Group","hd":false},{"ty":"gr","it":[{"ind":0,"ty":"sh","ix":1,"ks":{"a":0,"k":{"i":[[0,0],[-21.932,-0.3],[19.145,9.973],[0,0],[16.115,-11.383],[-13.816,-5.031]],"o":[[21.059,-6.382],[-17.442,-12.329],[0,0],[-19.685,1.336],[14.085,5.044],[0,0]],"v":[[-13.815,20.92],[51.465,12.953],[5.295,-20.932],[3.616,-20.381],[-51.465,-0.812],[-12.734,20.932]],"c":true},"ix":2},"nm":"Path 1","mn":"ADBE Vector Shape - Group","hd":false},{"ty":"fl","c":{"a":0,"k":[0.356999984442,0.776000019148,0.310000011968,1],"ix":4},"o":{"a":0,"k":100,"ix":5},"r":1,"bm":0,"nm":"Fill 1","mn":"ADBE Vector Graphic - Fill","hd":false},{"ty":"tr","p":{"a":0,"k":[208.499,107.714],"ix":2},"a":{"a":0,"k":[0,0],"ix":1},"s":{"a":0,"k":[100,100],"ix":3},"r":{"a":0,"k":0,"ix":6},"o":{"a":0,"k":100,"ix":7},"sk":{"a":0,"k":0,"ix":4},"sa":{"a":0,"k":0,"ix":5},"nm":"Transform"}],"nm":"leaf_base","np":2,"cix":2,"bm":0,"ix":5,"mn":"ADBE Vector Group","hd":false},{"ty":"gr","it":[{"ind":0,"ty":"sh","ix":1,"ks":{"a":0,"k":{"i":[[0,0],[2.095,-8.888],[-2.103,1.3],[-7.034,3.612]],"o":[[-7.992,-0.24],[-0.538,2.951],[7.034,-3.611],[0,0]],"v":[[11.015,-7.087],[-12.678,4.189],[-7.886,6.027],[13.216,-4.807]],"c":true},"ix":2},"nm":"Path 1","mn":"ADBE Vector Shape - Group","hd":false},{"ty":"fl","c":{"a":0,"k":[0.788000009574,0.948999980852,0.620000023935,1],"ix":4},"o":{"a":0,"k":100,"ix":5},"r":1,"bm":0,"nm":"Fill 1","mn":"ADBE Vector Graphic - Fill","hd":false},{"ty":"tr","p":{"a":0,"k":[145.551,111.942],"ix":2},"a":{"a":0,"k":[0,0],"ix":1},"s":{"a":0,"k":[100,100],"ix":3},"r":{"a":0,"k":0,"ix":6},"o":{"a":0,"k":100,"ix":7},"sk":{"a":0,"k":0,"ix":4},"sa":{"a":0,"k":0,"ix":5},"nm":"Transform"}],"nm":"stem_base","np":2,"cix":2,"bm":0,"ix":6,"mn":"ADBE Vector Group","hd":false},{"ty":"tr","p":{"a":0,"k":[135.355,116.118],"ix":2},"a":{"a":0,"k":[135.355,116.118],"ix":1},"s":{"a":1,"k":[{"i":{"x":[0.667,0.667],"y":[1,1]},"o":{"x":[0.167,0.167],"y":[0.167,0.167]},"t":32,"s":[50,50]},{"i":{"x":[0.667,0.667],"y":[1,1]},"o":{"x":[0.333,0.333],"y":[0,0]},"t":41,"s":[105,105]},{"i":{"x":[0.667,0.667],"y":[1,1]},"o":{"x":[0.333,0.333],"y":[0,0]},"t":47,"s":[98,98]},{"i":{"x":[0.667,0.667],"y":[1,1]},"o":{"x":[0.333,0.333],"y":[0,0]},"t":55,"s":[102,102]},{"t":64,"s":[100,100]}],"ix":3},"r":{"a":1,"k":[{"i":{"x":[0.667],"y":[1]},"o":{"x":[0.167],"y":[0.167]},"t":32,"s":[-16]},{"i":{"x":[0.667],"y":[1]},"o":{"x":[0.333],"y":[0]},"t":41,"s":[3]},{"i":{"x":[0.667],"y":[1]},"o":{"x":[0.333],"y":[0]},"t":47,"s":[-2]},{"i":{"x":[0.667],"y":[1]},"o":{"x":[0.333],"y":[0]},"t":55,"s":[2]},{"t":64,"s":[0]}],"ix":6},"o":{"a":1,"k":[{"i":{"x":[0.833],"y":[0.833]},"o":{"x":[0.167],"y":[0.167]},"t":32,"s":[0]},{"t":33,"s":[100]}],"ix":7},"sk":{"a":0,"k":0,"ix":4},"sa":{"a":0,"k":0,"ix":5},"nm":"Transform"}],"nm":"R04","np":6,"cix":2,"bm":0,"ix":8,"mn":"ADBE Vector Group","hd":false},{"ty":"gr","it":[{"ty":"gr","it":[{"ind":0,"ty":"sh","ix":1,"ks":{"a":0,"k":{"i":[[9.781,-1.629],[3.565,-0.921],[17.767,7.703],[-25.026,-4.355],[-2.458,-9.905],[-1.275,-5.49],[-11.858,-10.155],[-0.035,-0.134]],"o":[[-3.767,0.906],[-8.899,-17.334],[24.161,-8.621],[2.394,9.896],[-1.7,-3.412],[13.253,7.562],[0.035,0.133],[-9.901,1.033]],"v":[[14.72,20.932],[3.163,21.833],[-42.394,-15.727],[33.019,-20.283],[42.201,8.92],[2.71,-8.315],[43.327,13.051],[43.433,13.452]],"c":true},"ix":2},"nm":"Path 1","mn":"ADBE Vector Shape - Group","hd":false},{"ind":1,"ty":"sh","ix":2,"ks":{"a":0,"k":{"i":[[0.26,1.043],[6.868,10.483],[17.694,-3.448],[0.718,-4.375],[-0.806,-0.319],[-11.473,-14.843],[-1.814,2.237],[-13.646,-0.341]],"o":[[-3.566,-11.98],[-15.546,-8.065],[-4.078,1.622],[-0.156,0.665],[17.414,6.888],[0.911,1.34],[12.283,7.569],[1.052,-0.048]],"v":[[47.013,14.453],[34.259,-21.413],[-29.297,-22.87],[-47.117,-15.977],[-46.219,-14.192],[-1.778,18.892],[3.126,21.909],[45.468,16.483]],"c":true},"ix":2},"nm":"Path 2","mn":"ADBE Vector Shape - Group","hd":false},{"ty":"fl","c":{"a":0,"k":[0.027000000898,0.286000001197,0.187999994615,1],"ix":4},"o":{"a":0,"k":100,"ix":5},"r":1,"bm":0,"nm":"Fill 1","mn":"ADBE Vector Graphic - Fill","hd":false},{"ty":"tr","p":{"a":0,"k":[51.747,29.728],"ix":2},"a":{"a":0,"k":[0,0],"ix":1},"s":{"a":0,"k":[100,100],"ix":3},"r":{"a":0,"k":0,"ix":6},"o":{"a":0,"k":100,"ix":7},"sk":{"a":0,"k":0,"ix":4},"sa":{"a":0,"k":0,"ix":5},"nm":"Transform"}],"nm":"leaf_outline","np":3,"cix":2,"bm":0,"ix":1,"mn":"ADBE Vector Group","hd":false},{"ty":"gr","it":[{"ind":0,"ty":"sh","ix":1,"ks":{"a":0,"k":{"i":[[2.155,-0.185],[0.294,0.13],[4.378,11.023],[-5.527,-9.757]],"o":[[-0.305,0.035],[-6.622,-9.971],[6.314,9.246],[2.299,2.372]],"v":[[5.997,20.696],[4.974,20.637],[-9.156,-12.032],[9.498,15.896]],"c":true},"ix":2},"nm":"Path 1","mn":"ADBE Vector Shape - Group","hd":false},{"ind":1,"ty":"sh","ix":2,"ks":{"a":0,"k":{"i":[[6.243,6.141],[9.457,8.551],[0.728,-3.919],[-1.381,-3.358],[-7.303,-10.753]],"o":[[-7.496,-10.77],[-0.705,-1.478],[1.316,3.383],[4.961,11.863],[5.471,4.804]],"v":[[11.009,12.615],[-12.688,-20.029],[-17.252,-23.141],[-12.836,-13.2],[2.488,22.256]],"c":true},"ix":2},"nm":"Path 3","mn":"ADBE Vector Shape - Group","hd":false},{"ty":"fl","c":{"a":0,"k":[0.027000000898,0.286000001197,0.187999994615,1],"ix":4},"o":{"a":0,"k":100,"ix":5},"r":1,"bm":0,"nm":"Fill 1","mn":"ADBE Vector Graphic - Fill","hd":false},{"ty":"tr","p":{"a":0,"k":[111.942,65.915],"ix":2},"a":{"a":0,"k":[0,0],"ix":1},"s":{"a":0,"k":[100,100],"ix":3},"r":{"a":0,"k":0,"ix":6},"o":{"a":0,"k":100,"ix":7},"sk":{"a":0,"k":0,"ix":4},"sa":{"a":0,"k":0,"ix":5},"nm":"Transform"}],"nm":"stem_outline","np":3,"cix":2,"bm":0,"ix":2,"mn":"ADBE Vector Group","hd":false},{"ty":"gr","it":[{"ind":0,"ty":"sh","ix":1,"ks":{"a":0,"k":{"i":[[-11.538,-16.389],[0,0],[-13.564,0.975],[0,0],[0.001,0.004],[0,0],[10.632,7.627],[0,0],[0,0]],"o":[[0,0],[14.344,2.885],[0,0],[-0.001,-0.004],[0,0],[-6.947,-0.749],[-10.633,-7.628],[0,0],[18.669,7.289]],"v":[[1.804,17.42],[3.464,18.123],[44.171,10.862],[44.859,9.51],[44.855,9.5],[16.084,10.807],[-2.661,-0.416],[-44.584,-21.008],[-44.859,-19.122]],"c":true},"ix":2},"nm":"Path 1","mn":"ADBE Vector Shape - Group","hd":false},{"ty":"fl","c":{"a":0,"k":[0.224000010771,0.510000011968,0.184000007779,1],"ix":4},"o":{"a":0,"k":100,"ix":5},"r":1,"bm":0,"nm":"Fill 1","mn":"ADBE Vector Graphic - Fill","hd":false},{"ty":"tr","p":{"a":0,"k":[52.02,33.807],"ix":2},"a":{"a":0,"k":[0,0],"ix":1},"s":{"a":0,"k":[100,100],"ix":3},"r":{"a":0,"k":0,"ix":6},"o":{"a":0,"k":100,"ix":7},"sk":{"a":0,"k":0,"ix":4},"sa":{"a":0,"k":0,"ix":5},"nm":"Transform"}],"nm":"shadow","np":2,"cix":2,"bm":0,"ix":3,"mn":"ADBE Vector Group","hd":false},{"ty":"gr","it":[{"ind":0,"ty":"sh","ix":1,"ks":{"a":0,"k":{"i":[[0,0],[24.747,-8.468],[0,0],[-2.01,-2.95],[0,0],[4.632,11.507]],"o":[[-25.57,-5.509],[0,0],[3.568,0.103],[0,0],[-3.024,-12.03],[0,0]],"v":[[32.483,-15.439],[-44.889,-10.86],[18.902,-9.014],[27.783,-4.154],[44.889,20.948],[33.388,-14.412]],"c":true},"ix":2},"nm":"Path 1","mn":"ADBE Vector Shape - Group","hd":false},{"ty":"fl","c":{"a":0,"k":[0.611999990426,0.936999990426,0.395999983245,1],"ix":4},"o":{"a":0,"k":100,"ix":5},"r":1,"bm":0,"nm":"Fill 1","mn":"ADBE Vector Graphic - Fill","hd":false},{"ty":"tr","p":{"a":0,"k":[52.325,23.659],"ix":2},"a":{"a":0,"k":[0,0],"ix":1},"s":{"a":0,"k":[100,100],"ix":3},"r":{"a":0,"k":0,"ix":6},"o":{"a":0,"k":100,"ix":7},"sk":{"a":0,"k":0,"ix":4},"sa":{"a":0,"k":0,"ix":5},"nm":"Transform"}],"nm":"highlight","np":2,"cix":2,"bm":0,"ix":4,"mn":"ADBE Vector Group","hd":false},{"ty":"gr","it":[{"ind":0,"ty":"sh","ix":1,"ks":{"a":0,"k":{"i":[[0,0],[-11.798,-16.759],[0,0],[-13.946,0.564],[4.631,11.506],[0,0],[25.137,-8.908]],"o":[[19.19,7.194],[0,0],[14.705,2.957],[-3.024,-12.029],[0,0],[-26.071,-5.616],[0,0]],"v":[[-45.657,-14.561],[2.266,22.482],[3.926,23.185],[45.657,15.861],[34.156,-19.498],[33.25,-20.526],[-45.579,-15.459]],"c":true},"ix":2},"nm":"Path 1","mn":"ADBE Vector Shape - Group","hd":false},{"ty":"fl","c":{"a":0,"k":[0.356999984442,0.776000019148,0.310000011968,1],"ix":4},"o":{"a":0,"k":100,"ix":5},"r":1,"bm":0,"nm":"Fill 1","mn":"ADBE Vector Graphic - Fill","hd":false},{"ty":"tr","p":{"a":0,"k":[51.557,28.745],"ix":2},"a":{"a":0,"k":[0,0],"ix":1},"s":{"a":0,"k":[100,100],"ix":3},"r":{"a":0,"k":0,"ix":6},"o":{"a":0,"k":100,"ix":7},"sk":{"a":0,"k":0,"ix":4},"sa":{"a":0,"k":0,"ix":5},"nm":"Transform"}],"nm":"leaf_base","np":2,"cix":2,"bm":0,"ix":5,"mn":"ADBE Vector Group","hd":false},{"ty":"gr","it":[{"ind":0,"ty":"sh","ix":1,"ks":{"a":0,"k":{"i":[[0,0],[-6.925,-12.469],[2.593,1.529],[8.317,14.244]],"o":[[7.778,11.972],[1.778,3.454],[-9.348,-13.531],[0,0]],"v":[[-10.883,-19.292],[12.933,16.385],[5.494,21.872],[-14.711,-23.401]],"c":true},"ix":2},"nm":"Path 1","mn":"ADBE Vector Shape - Group","hd":false},{"ty":"fl","c":{"a":0,"k":[0.788000009574,0.948999980852,0.620000023935,1],"ix":4},"o":{"a":0,"k":100,"ix":5},"r":1,"bm":0,"nm":"Fill 1","mn":"ADBE Vector Graphic - Fill","hd":false},{"ty":"tr","p":{"a":0,"k":[110.459,65.883],"ix":2},"a":{"a":0,"k":[0,0],"ix":1},"s":{"a":0,"k":[100,100],"ix":3},"r":{"a":0,"k":0,"ix":6},"o":{"a":0,"k":100,"ix":7},"sk":{"a":0,"k":0,"ix":4},"sa":{"a":0,"k":0,"ix":5},"nm":"Transform"}],"nm":"stem_base","np":2,"cix":2,"bm":0,"ix":6,"mn":"ADBE Vector Group","hd":false},{"ty":"tr","p":{"a":0,"k":[118.432,83.675],"ix":2},"a":{"a":0,"k":[118.432,83.675],"ix":1},"s":{"a":1,"k":[{"i":{"x":[0.667,0.667],"y":[1,1]},"o":{"x":[0.167,0.167],"y":[0.167,0.167]},"t":40,"s":[50,50]},{"i":{"x":[0.575,0.575],"y":[1,1]},"o":{"x":[0.333,0.333],"y":[0,0]},"t":49,"s":[105,105]},{"i":{"x":[0.667,0.667],"y":[1,1]},"o":{"x":[0.341,0.341],"y":[0,0]},"t":55,"s":[98,98]},{"i":{"x":[0.703,0.703],"y":[1,1]},"o":{"x":[0.333,0.333],"y":[0,0]},"t":63,"s":[102,102]},{"t":72,"s":[100,100]}],"ix":3},"r":{"a":1,"k":[{"i":{"x":[0.667],"y":[1]},"o":{"x":[0.167],"y":[0.167]},"t":40,"s":[32]},{"i":{"x":[0.667],"y":[1]},"o":{"x":[0.333],"y":[0]},"t":49,"s":[-3]},{"i":{"x":[0.667],"y":[0.883]},"o":{"x":[0.333],"y":[0]},"t":55,"s":[2]},{"i":{"x":[0.667],"y":[1]},"o":{"x":[0.333],"y":[-0.264]},"t":63,"s":[-2]},{"t":72,"s":[0]}],"ix":6},"o":{"a":1,"k":[{"i":{"x":[0.833],"y":[0.833]},"o":{"x":[0.167],"y":[0.167]},"t":40,"s":[0]},{"t":41,"s":[100]}],"ix":7},"sk":{"a":0,"k":0,"ix":4},"sa":{"a":0,"k":0,"ix":5},"nm":"Transform"}],"nm":"L05","np":6,"cix":2,"bm":0,"ix":9,"mn":"ADBE Vector Group","hd":false},{"ty":"gr","it":[{"ty":"gr","it":[{"ind":0,"ty":"sh","ix":1,"ks":{"a":0,"k":{"i":[[-0.644,1.023],[-7.218,9.325],[2.481,-1.346],[0.934,-6.84],[-3.595,0.42],[-2.914,3.973],[4.887,-0.303],[4.683,-7.781],[2.236,-0.25],[1.074,0.816]],"o":[[8.267,-8.427],[-1.091,-4.35],[-4.157,5.026],[0.688,3.141],[5.759,-0.555],[0.566,-2.895],[-7.166,5.745],[-0.886,1.868],[-1.476,0.122],[0.206,-1.146]],"v":[[-12.449,10.397],[13.364,-14.321],[-2.711,-2.678],[-16.13,12.446],[-9.678,18.251],[0.391,7.22],[11.244,-10.518],[-5.372,11.359],[-9.865,15.501],[-13.513,13.813]],"c":true},"ix":2},"nm":"Path 1","mn":"ADBE Vector Shape - Group","hd":false},{"ty":"fl","c":{"a":0,"k":[0.027000000898,0.286000001197,0.187999994615,1],"ix":4},"o":{"a":0,"k":100,"ix":5},"r":1,"bm":0,"nm":"Fill 1","mn":"ADBE Vector Graphic - Fill","hd":false},{"ty":"tr","p":{"a":0,"k":[153.033,71.838],"ix":2},"a":{"a":0,"k":[0,0],"ix":1},"s":{"a":0,"k":[100,100],"ix":3},"r":{"a":0,"k":0,"ix":6},"o":{"a":0,"k":100,"ix":7},"sk":{"a":0,"k":0,"ix":4},"sa":{"a":0,"k":0,"ix":5},"nm":"Transform"}],"nm":"stem_outline","np":2,"cix":2,"bm":0,"ix":1,"mn":"ADBE Vector Group","hd":false},{"ty":"gr","it":[{"ind":0,"ty":"sh","ix":1,"ks":{"a":0,"k":{"i":[[-10.861,-2.223],[-15.628,3.814]],"o":[[14.244,-7.529],[6.997,-9.256]],"v":[[-20.531,13],[24.395,-3.745]],"c":true},"ix":2},"nm":"Path 1","mn":"ADBE Vector Shape - Group","hd":false},{"ty":"fl","c":{"a":0,"k":[0.027000000898,0.286000001197,0.187999994615,1],"ix":4},"o":{"a":0,"k":100,"ix":5},"r":1,"bm":0,"nm":"Fill 1","mn":"ADBE Vector Graphic - Fill","hd":false},{"ty":"tr","p":{"a":0,"k":[191.157,42.87],"ix":2},"a":{"a":0,"k":[0,0],"ix":1},"s":{"a":0,"k":[100,100],"ix":3},"r":{"a":0,"k":0,"ix":6},"o":{"a":0,"k":100,"ix":7},"sk":{"a":0,"k":0,"ix":4},"sa":{"a":0,"k":0,"ix":5},"nm":"Transform"}],"nm":"vein","np":2,"cix":2,"bm":0,"ix":2,"mn":"ADBE Vector Group","hd":false},{"ty":"gr","it":[{"ind":0,"ty":"sh","ix":1,"ks":{"a":0,"k":{"i":[[2.327,0.192],[27.214,-6.999],[-9.71,3.646],[-8.901,10.072],[-23.88,-2.495],[16.851,-13.186],[13.495,3.139],[-3.871,0.398],[-21.663,9.104],[-1.39,0.142]],"o":[[-27.384,-0.306],[-4.427,-2.301],[6.148,-12.089],[24.176,-3.143],[-19.424,9.063],[-13.433,-3.084],[-5.882,4.143],[20.083,-10.998],[1.373,0.209],[2.324,-0.189]],"v":[[56.589,-14.03],[-25.604,-18.704],[-49.205,15.604],[-25.631,-17.006],[46.11,-10.947],[-8.161,23.273],[-49.088,16.133],[-8.325,25.305],[52.452,-10.444],[56.589,-10.414]],"c":true},"ix":2},"nm":"Path 1","mn":"ADBE Vector Shape - Group","hd":false},{"ty":"fl","c":{"a":0,"k":[0.027000000898,0.286000001197,0.187999994615,1],"ix":4},"o":{"a":0,"k":100,"ix":5},"r":1,"bm":0,"nm":"Fill 1","mn":"ADBE Vector Graphic - Fill","hd":false},{"ty":"tr","p":{"a":0,"k":[215.924,42.356],"ix":2},"a":{"a":0,"k":[0,0],"ix":1},"s":{"a":0,"k":[100,100],"ix":3},"r":{"a":0,"k":0,"ix":6},"o":{"a":0,"k":100,"ix":7},"sk":{"a":0,"k":0,"ix":4},"sa":{"a":0,"k":0,"ix":5},"nm":"Transform"}],"nm":"leaf_outline","np":2,"cix":2,"bm":0,"ix":3,"mn":"ADBE Vector Group","hd":false},{"ty":"gr","it":[{"ind":0,"ty":"sh","ix":1,"ks":{"a":0,"k":{"i":[[-13.764,-2.088],[-20.658,8.927],[0,0],[0,0],[9.665,-0.155],[0,0],[0,0]],"o":[[18.355,-13.046],[0,0],[0,0],[-8.81,3.98],[0,0],[0,0],[13.305,4.095]],"v":[[-8.013,17.974],[49.55,-17.134],[49.518,-17.974],[1.086,3.908],[-26.921,10.176],[-49.55,10.539],[-49.547,10.546]],"c":true},"ix":2},"nm":"Path 1","mn":"ADBE Vector Shape - Group","hd":false},{"ty":"fl","c":{"a":0,"k":[0.224000010771,0.510000011968,0.184000007779,1],"ix":4},"o":{"a":0,"k":100,"ix":5},"r":1,"bm":0,"nm":"Fill 1","mn":"ADBE Vector Graphic - Fill","hd":false},{"ty":"tr","p":{"a":0,"k":[216.157,47.931],"ix":2},"a":{"a":0,"k":[0,0],"ix":1},"s":{"a":0,"k":[100,100],"ix":3},"r":{"a":0,"k":0,"ix":6},"o":{"a":0,"k":100,"ix":7},"sk":{"a":0,"k":0,"ix":4},"sa":{"a":0,"k":0,"ix":5},"nm":"Transform"}],"nm":"shadow","np":2,"cix":2,"bm":0,"ix":4,"mn":"ADBE Vector Group","hd":false},{"ty":"gr","it":[{"ind":0,"ty":"sh","ix":1,"ks":{"a":0,"k":{"i":[[-0.789,0.211],[27.226,-5.165],[0,0],[6.027,-12.325],[0,0],[0,0],[-5.085,-0.597],[0,0],[-0.947,0.406]],"o":[[-27.113,-0.352],[0,0],[-9.963,9.433],[0,0],[0,0],[3.998,-3.199],[0,0],[0.938,-0.425],[2.376,-0.487]],"v":[[53.452,-8.239],[-28.203,-13.958],[-29.207,-14.052],[-53.452,18.938],[-53.36,19.122],[-26.408,-2.438],[-12.213,-6.505],[44.16,-5.636],[46.983,-6.893]],"c":true},"ix":2},"nm":"Path 1","mn":"ADBE Vector Shape - Group","hd":false},{"ty":"fl","c":{"a":0,"k":[0.611999990426,0.936999990426,0.395999983245,1],"ix":4},"o":{"a":0,"k":100,"ix":5},"r":1,"bm":0,"nm":"Fill 1","mn":"ADBE Vector Graphic - Fill","hd":false},{"ty":"tr","p":{"a":0,"k":[219.061,37.539],"ix":2},"a":{"a":0,"k":[0,0],"ix":1},"s":{"a":0,"k":[100,100],"ix":3},"r":{"a":0,"k":0,"ix":6},"o":{"a":0,"k":100,"ix":7},"sk":{"a":0,"k":0,"ix":4},"sa":{"a":0,"k":0,"ix":5},"nm":"Transform"}],"nm":"highlight","np":2,"cix":2,"bm":0,"ix":5,"mn":"ADBE Vector Group","hd":false},{"ty":"gr","it":[{"ind":0,"ty":"sh","ix":1,"ks":{"a":0,"k":{"i":[[27.227,-5.165],[0,0],[6.027,-12.325],[0,0],[-13.764,-2.089],[-20.794,8.93],[-0.789,0.212]],"o":[[0,0],[-9.963,9.433],[0,0],[13.306,4.095],[18.456,-13.117],[2.376,-0.487],[-27.113,-0.351]],"v":[[-28.202,-18.58],[-29.207,-18.674],[-53.452,14.315],[-52.451,16.317],[-10.917,23.745],[46.984,-11.515],[53.452,-12.86]],"c":true},"ix":2},"nm":"Path 1","mn":"ADBE Vector Shape - Group","hd":false},{"ty":"fl","c":{"a":0,"k":[0.356999984442,0.776000019148,0.310000011968,1],"ix":4},"o":{"a":0,"k":100,"ix":5},"r":1,"bm":0,"nm":"Fill 1","mn":"ADBE Vector Graphic - Fill","hd":false},{"ty":"tr","p":{"a":0,"k":[219.061,42.161],"ix":2},"a":{"a":0,"k":[0,0],"ix":1},"s":{"a":0,"k":[100,100],"ix":3},"r":{"a":0,"k":0,"ix":6},"o":{"a":0,"k":100,"ix":7},"sk":{"a":0,"k":0,"ix":4},"sa":{"a":0,"k":0,"ix":5},"nm":"Transform"}],"nm":"leaf_base","np":2,"cix":2,"bm":0,"ix":6,"mn":"ADBE Vector Group","hd":false},{"ty":"gr","it":[{"ind":0,"ty":"sh","ix":1,"ks":{"a":0,"k":{"i":[[0,0],[8.254,-7.525],[-3.34,-1.895],[-1.305,3.17],[-6.152,6.692]],"o":[[-8.254,7.525],[-2.92,1.932],[3.384,1.889],[4.414,-7.947],[0,0]],"v":[[14.188,-16.35],[-10.575,6.224],[-10.848,14.461],[-2.647,10.457],[13.278,-11.604]],"c":true},"ix":2},"nm":"Path 1","mn":"ADBE Vector Shape - Group","hd":false},{"ty":"fl","c":{"a":0,"k":[0.788000009574,0.948999980852,0.620000023935,1],"ix":4},"o":{"a":0,"k":100,"ix":5},"r":1,"bm":0,"nm":"Fill 1","mn":"ADBE Vector Graphic - Fill","hd":false},{"ty":"tr","p":{"a":0,"k":[151.421,72.816],"ix":2},"a":{"a":0,"k":[0,0],"ix":1},"s":{"a":0,"k":[100,100],"ix":3},"r":{"a":0,"k":0,"ix":6},"o":{"a":0,"k":100,"ix":7},"sk":{"a":0,"k":0,"ix":4},"sa":{"a":0,"k":0,"ix":5},"nm":"Transform"}],"nm":"stem_base","np":2,"cix":2,"bm":0,"ix":7,"mn":"ADBE Vector Group","hd":false},{"ty":"tr","p":{"a":0,"k":[142.455,84.628],"ix":2},"a":{"a":0,"k":[142.455,84.628],"ix":1},"s":{"a":1,"k":[{"i":{"x":[0.667,0.667],"y":[1,1]},"o":{"x":[0.167,0.167],"y":[0.167,0.167]},"t":38,"s":[50,50]},{"i":{"x":[0.667,0.667],"y":[1,1]},"o":{"x":[0.333,0.333],"y":[0,0]},"t":47,"s":[105,105]},{"i":{"x":[0.667,0.667],"y":[1,1]},"o":{"x":[0.333,0.333],"y":[0,0]},"t":53,"s":[98,98]},{"i":{"x":[0.667,0.667],"y":[1,1]},"o":{"x":[0.333,0.333],"y":[0,0]},"t":61,"s":[102,102]},{"t":70,"s":[100,100]}],"ix":3},"r":{"a":1,"k":[{"i":{"x":[0.667],"y":[1]},"o":{"x":[0.167],"y":[0.167]},"t":38,"s":[-32]},{"i":{"x":[0.667],"y":[1]},"o":{"x":[0.333],"y":[0]},"t":47,"s":[3]},{"i":{"x":[0.667],"y":[1]},"o":{"x":[0.333],"y":[0]},"t":53,"s":[-2]},{"i":{"x":[0.667],"y":[1]},"o":{"x":[0.333],"y":[0]},"t":61,"s":[2]},{"t":70,"s":[0]}],"ix":6},"o":{"a":1,"k":[{"i":{"x":[0.833],"y":[0.833]},"o":{"x":[0.167],"y":[0.167]},"t":38,"s":[0]},{"t":39,"s":[100]}],"ix":7},"sk":{"a":0,"k":0,"ix":4},"sa":{"a":0,"k":0,"ix":5},"nm":"Transform"}],"nm":"R05","np":7,"cix":2,"bm":0,"ix":10,"mn":"ADBE Vector Group","hd":false}],"ip":15,"op":453,"st":-3,"bm":0},{"ddd":0,"ind":2,"ty":4,"nm":"stem","sr":1,"ks":{"o":{"a":0,"k":100,"ix":11},"r":{"a":0,"k":0,"ix":10},"p":{"a":0,"k":[250.926,270.894,0],"ix":2,"l":2},"a":{"a":0,"k":[29.893,128.759,0],"ix":1,"l":2},"s":{"a":0,"k":[100,100,100],"ix":6,"l":2}},"ao":0,"shapes":[{"ty":"gr","it":[{"ind":0,"ty":"sh","ix":1,"ks":{"a":1,"k":[{"i":{"x":0.833,"y":0.833},"o":{"x":0.167,"y":0.167},"t":0,"s":[{"i":[[0.841,1.298],[0.024,-0.053],[-0.184,0.317],[0.135,0.092],[-1.213,-0.465],[-0.608,0.546],[-0.093,0.22],[-0.076,0.065]],"o":[[-0.841,-1.298],[-0.172,0.092],[-0.149,-0.016],[-0.177,0.806],[0.287,0.285],[0.145,-0.161],[0.003,0.031],[0.118,-0.043]],"v":[[-14.652,118.861],[-18.008,118.696],[-18.139,118.711],[-18.561,118.957],[-17.838,121.259],[-15.817,121.248],[-15.781,121.302],[-15.859,121.296]],"c":true}]},{"i":{"x":0.833,"y":0.833},"o":{"x":0.167,"y":0.167},"t":2,"s":[{"i":[[1.092,1.096],[0.013,-0.057],[-0.115,0.349],[0.151,0.062],[-4.555,-1.229],[-0.39,0.73],[-0.046,0.235],[-0.061,0.079]],"o":[[-1.092,-1.096],[-0.15,0.126],[-0.149,0.015],[-1.598,1.344],[0.287,0.285],[0.109,-0.188],[0.009,0.029],[0.107,-0.067]],"v":[[-10.459,115.702],[-13.777,116.237],[-13.902,116.279],[-14.264,116.607],[-17.838,121.259],[-11.104,118.279],[-11.057,118.324],[-11.135,118.334]],"c":true}]},{"i":{"x":0.833,"y":0.833},"o":{"x":0.167,"y":0.167},"t":4,"s":[{"i":[[3.701,2.201],[0.013,-0.057],[-0.115,0.349],[0.963,-0.126],[-4.555,-1.229],[-0.39,0.73],[-0.046,0.235],[-0.061,0.079]],"o":[[-2.915,-1.733],[-0.15,0.126],[-2.086,1.453],[-1.598,1.344],[2.662,-0.028],[0.109,-0.188],[0.009,0.029],[0.107,-0.067]],"v":[[0.353,106.015],[-7.339,111.612],[-7.465,111.654],[-14.264,116.607],[-17.838,121.259],[-5.229,116.029],[-5.182,116.074],[-5.26,116.084]],"c":true}]},{"i":{"x":0.833,"y":0.833},"o":{"x":0.167,"y":0.167},"t":7.315,"s":[{"i":[[4.114,1.271],[-0.001,-0.059],[-0.029,0.366],[1.838,-1.376],[-4.555,-1.229],[-0.208,0.801],[0.011,0.239],[-0.041,0.091]],"o":[[-3.24,-1.001],[-0.116,0.157],[-2.841,4.006],[-1.598,1.344],[11.912,-4.153],[0.062,-0.208],[0.016,0.026],[0.088,-0.09]],"v":[[6.858,95.26],[0.694,102.507],[0.582,102.577],[-14.264,116.607],[-17.838,121.259],[3.782,106.305],[3.839,106.339],[3.766,106.366]],"c":true}]},{"i":{"x":0.833,"y":0.833},"o":{"x":0.167,"y":0.167},"t":11.103,"s":[{"i":[[4.114,1.271],[-0.022,-0.054],[0.103,0.352],[7.838,-6.376],[-4.555,-1.229],[-3.708,4.801],[0.011,0.239],[-0.041,0.091]],"o":[[-3.24,-1.001],[-0.052,0.188],[-4.479,9.068],[-1.598,1.344],[11.912,-4.153],[0.062,-0.208],[0.016,0.026],[0.088,-0.09]],"v":[[12.483,84.385],[5.004,91.996],[4.924,92.101],[-14.264,116.607],[-17.838,121.259],[3.407,105.68],[9.964,96.214],[9.891,96.241]],"c":true}]},{"i":{"x":0.833,"y":0.833},"o":{"x":0.167,"y":0.167},"t":14.232,"s":[{"i":[[4.298,-0.255],[-0.04,-0.043],[0.22,0.294],[16.088,-9.376],[-4.555,-1.229],[-4.57,15.906],[0.094,0.22],[-0.006,0.1]],"o":[[-3.385,0.201],[0.017,0.195],[-1.008,10.063],[-1.598,1.344],[16.162,-7.778],[-0.016,-0.217],[0.024,0.019],[0.051,-0.115]],"v":[[14.963,62.423],[10.634,72.176],[10.596,72.302],[-14.264,116.607],[-17.838,121.259],[13.947,85.549],[16.759,74.383],[16.701,74.434]],"c":true}]},{"i":{"x":0.833,"y":0.833},"o":{"x":0.167,"y":0.167},"t":17.073,"s":[{"i":[[3.944,-1.727],[-0.052,-0.027],[0.308,0.199],[26.06,-17.061],[-4.555,-1.229],[1.218,16.505],[0.164,0.174],[0.029,0.096]],"o":[[-3.106,1.36],[0.084,0.177],[2.538,9.79],[-1.598,1.344],[30.482,-11.292],[-0.089,-0.198],[0.029,0.009],[0.008,-0.125]],"v":[[10.93,37.429],[10.245,48.077],[10.253,48.208],[-14.264,116.607],[-17.838,121.259],[17.981,59.477],[16.755,48.027],[16.718,48.095]],"c":true}]},{"i":{"x":0.833,"y":0.833},"o":{"x":0.167,"y":0.167},"t":19,"s":[{"i":[[3.706,-2.193],[-0.055,-0.02],[0.33,0.161],[26.06,-17.061],[-4.555,-1.229],[6.956,29.213],[0.184,0.152],[0.04,0.092]],"o":[[-2.919,1.727],[0.104,0.165],[9.198,27.815],[-1.598,1.344],[30.482,-11.292],[-0.113,-0.185],[0.03,0.006],[-0.007,-0.126]],"v":[[6.735,25.164],[7.345,35.816],[7.369,35.946],[-14.264,116.607],[-17.838,121.259],[15.437,43.417],[12.89,33.704],[12.862,33.777]],"c":true}]},{"i":{"x":0.833,"y":0.833},"o":{"x":0.167,"y":0.167},"t":21.841,"s":[{"i":[[3.706,-2.193],[-0.055,-0.02],[-1.92,-5.714],[26.06,-17.061],[-4.555,-1.229],[6.956,29.213],[8.359,22.6],[0.04,0.092]],"o":[[-2.919,1.727],[5.674,15.597],[9.198,27.815],[-1.598,1.344],[30.482,-11.292],[-1.738,-8.685],[0.03,0.006],[-0.007,-0.126]],"v":[[-4.015,-1.836],[-3.405,8.816],[7.369,35.946],[-14.264,116.607],[-17.838,121.259],[15.437,43.417],[2.89,5.954],[2.862,6.027]],"c":true}]},{"i":{"x":0.833,"y":0.833},"o":{"x":0.167,"y":0.167},"t":25,"s":[{"i":[[3.825,-1.978],[-0.054,-0.023],[-4.631,-15.961],[26.06,-17.061],[-4.555,-1.229],[6.956,29.213],[7.061,23.039],[0.035,0.094]],"o":[[-3.012,1.558],[4.778,15.894],[9.198,27.815],[-1.598,1.344],[30.482,-11.292],[-8.587,-32.615],[0.03,0.008],[0,-0.126]],"v":[[-10.375,-21.165],[-10.372,-10.495],[7.369,35.946],[-14.264,116.607],[-17.838,121.259],[15.437,43.417],[-3.924,-12.995],[-3.957,-12.924]],"c":true}]},{"i":{"x":0.833,"y":0.833},"o":{"x":0.167,"y":0.167},"t":27.841,"s":[{"i":[[3.529,-4.878],[-0.804,-0.148],[-4.631,-15.961],[26.06,-17.061],[-4.555,-1.229],[6.956,29.213],[3.154,26.094],[0,0]],"o":[[-4.036,20.078],[4.778,15.894],[9.198,27.815],[-1.598,1.344],[30.482,-11.292],[-8.587,-32.615],[-0.179,-1.484],[0,0]],"v":[[-11.943,-50.648],[-10.372,-10.495],[7.369,35.946],[-14.264,116.607],[-17.838,121.259],[15.437,43.417],[-8.08,-32.238],[-9.009,-43.319]],"c":true}]},{"i":{"x":0.223,"y":1},"o":{"x":0.167,"y":0.167},"t":30.941,"s":[{"i":[[4.374,-4.137],[-7.804,-32.148],[-4.631,-15.961],[26.06,-17.061],[-4.555,-1.229],[6.956,29.213],[-4.855,35.186],[0.033,1.482]],"o":[[-7.696,18.979],[4.778,15.894],[9.198,27.815],[-1.598,1.344],[30.482,-11.292],[-8.587,-32.615],[0.045,-1.662],[0.487,-2.382]],"v":[[-8.23,-84.372],[-10.372,-10.495],[7.369,35.946],[-14.264,116.607],[-17.838,121.259],[15.437,43.417],[-8.471,-54.232],[-6.709,-76.626]],"c":true}]},{"t":47,"s":[{"i":[[4.374,-4.137],[-9.708,-35.298],[-4.631,-15.961],[26.06,-17.061],[-4.555,-1.229],[6.956,29.213],[-4.855,35.186],[-3.823,18.224]],"o":[[-11.196,33.99],[4.778,15.894],[9.198,27.815],[-1.598,1.344],[30.482,-11.292],[-8.587,-32.615],[1.278,-18.61],[0.487,-2.382]],"v":[[-0.98,-117.122],[-10.372,-10.495],[7.369,35.946],[-14.264,116.607],[-17.838,121.259],[15.437,43.417],[-8.471,-54.232],[0.541,-109.376]],"c":true}]}],"ix":2},"nm":"Path 1","mn":"ADBE Vector Shape - Group","hd":false},{"ty":"st","c":{"a":0,"k":[0.067000003889,0.375999989229,0.204000001795,1],"ix":3},"o":{"a":0,"k":100,"ix":4},"w":{"a":0,"k":3,"ix":5},"lc":2,"lj":2,"bm":0,"nm":"Stroke 1","mn":"ADBE Vector Graphic - Stroke","hd":false},{"ty":"fl","c":{"a":0,"k":[0.13300000359,0.658999992819,0.322000002394,1],"ix":4},"o":{"a":0,"k":100,"ix":5},"r":1,"bm":0,"nm":"Fill 1","mn":"ADBE Vector Graphic - Fill","hd":false},{"ty":"tr","p":{"a":0,"k":[29.893,128.759],"ix":2},"a":{"a":0,"k":[0,0],"ix":1},"s":{"a":0,"k":[100,100],"ix":3},"r":{"a":0,"k":0,"ix":6},"o":{"a":0,"k":100,"ix":7},"sk":{"a":0,"k":0,"ix":4},"sa":{"a":0,"k":0,"ix":5},"nm":"Transform"}],"nm":"Group 1","np":3,"cix":2,"bm":0,"ix":1,"mn":"ADBE Vector Group","hd":false}],"ip":0,"op":453,"st":-3,"bm":0},{"ddd":0,"ind":3,"ty":4,"nm":"background_circle","sr":1,"ks":{"o":{"a":0,"k":100,"ix":11},"r":{"a":0,"k":0,"ix":10},"p":{"a":0,"k":[250,263.581,0],"ix":2,"l":2},"a":{"a":0,"k":[172.936,172.936,0],"ix":1,"l":2},"s":{"a":0,"k":[100,100,100],"ix":6,"l":2}},"ao":0,"shapes":[{"ty":"gr","it":[{"ty":"gr","it":[{"ind":0,"ty":"sh","ix":1,"ks":{"a":0,"k":{"i":[[0,-91.368],[91.369,0],[0,91.368],[-91.368,0]],"o":[[0,91.368],[-91.368,0],[0,-91.368],[91.369,0]],"v":[[165.436,-0.001],[-0.001,165.437],[-165.436,-0.001],[-0.001,-165.436]],"c":true},"ix":2},"nm":"Path 1","mn":"ADBE Vector Shape - Group","hd":false},{"ty":"st","c":{"a":0,"k":[0,0,0,1],"ix":3},"o":{"a":0,"k":100,"ix":4},"w":{"a":0,"k":3,"ix":5},"lc":2,"lj":2,"bm":0,"nm":"Stroke 1","mn":"ADBE Vector Graphic - Stroke","hd":false},{"ty":"tr","p":{"a":0,"k":[172.937,172.936],"ix":2},"a":{"a":0,"k":[0,0],"ix":1},"s":{"a":1,"k":[{"i":{"x":[0.229,0.229],"y":[1,1]},"o":{"x":[0.811,0.811],"y":[0,0]},"t":4,"s":[0,0]},{"t":28,"s":[100,100]}],"ix":3},"r":{"a":0,"k":0,"ix":6},"o":{"a":0,"k":100,"ix":7},"sk":{"a":0,"k":0,"ix":4},"sa":{"a":0,"k":0,"ix":5},"nm":"Transform"}],"nm":"stroke","np":2,"cix":2,"bm":0,"ix":1,"mn":"ADBE Vector Group","hd":false},{"ty":"gr","it":[{"ind":0,"ty":"sh","ix":1,"ks":{"a":1,"k":[{"i":{"x":0.667,"y":1},"o":{"x":0.167,"y":0.167},"t":34,"s":[{"i":[[80.962,-0.056],[11.572,80.521],[-82.904,0],[-12.009,79.555]],"o":[[-81.564,0.057],[12.01,79.555],[82.904,0],[-11.571,80.021]],"v":[[0.065,70.695],[-163.572,-70.269],[0.001,70.268],[163.572,-70.269]],"c":true}]},{"t":49,"s":[{"i":[[76.035,0],[22.991,68.284],[-82.904,0],[-12.009,79.555]],"o":[[-76.035,0],[12.01,79.555],[82.904,0],[-22.99,68.284]],"v":[[0.001,47.195],[-163.572,-70.269],[0.001,70.268],[163.572,-70.269]],"c":true}]}],"ix":2},"nm":"Path 1","mn":"ADBE Vector Shape - Group","hd":false},{"ty":"fl","c":{"a":0,"k":[0.16470588235294117,0.41568627450980394,0.8509803921568627,1],"ix":4},"o":{"a":0,"k":100,"ix":5},"r":1,"bm":0,"nm":"Fill 1","mn":"ADBE Vector Graphic - Fill","hd":false},{"ty":"tr","p":{"a":0,"k":[172.936,268.104],"ix":2},"a":{"a":0,"k":[0,0],"ix":1},"s":{"a":0,"k":[100,100],"ix":3},"r":{"a":0,"k":0,"ix":6},"o":{"a":1,"k":[{"i":{"x":[0.833],"y":[0.833]},"o":{"x":[0.167],"y":[0.167]},"t":33,"s":[0]},{"t":34,"s":[100]}],"ix":7},"sk":{"a":0,"k":0,"ix":4},"sa":{"a":0,"k":0,"ix":5},"nm":"Transform"}],"nm":"shadow","np":2,"cix":2,"bm":0,"ix":2,"mn":"ADBE Vector Group","hd":false},{"ty":"gr","it":[{"ind":0,"ty":"sh","ix":1,"ks":{"a":1,"k":[{"i":{"x":0.667,"y":1},"o":{"x":0.167,"y":0.167},"t":34,"s":[{"i":[[-80.439,1.215],[-12.059,-78.588],[82.872,0],[12.049,-79.509]],"o":[[75.553,-1.141],[-12.049,-79.509],[-82.872,0],[9.559,-76.088]],"v":[[-0.061,-70.081],[163.559,70.222],[0,-70.222],[-163.559,70.222]],"c":true}]},{"t":49,"s":[{"i":[[-74.143,0],[-25.981,-64.862],[82.872,0],[12.049,-79.509]],"o":[[74.143,0],[-12.049,-79.509],[-82.872,0],[25.981,-64.862]],"v":[[0,-40.456],[163.559,70.222],[0,-70.222],[-163.559,70.222]],"c":true}]}],"ix":2},"nm":"Path 1","mn":"ADBE Vector Shape - Group","hd":false},{"ty":"fl","c":{"a":0,"k":[0.4745098039215686,0.6666666666666666,1,1],"ix":4},"o":{"a":0,"k":100,"ix":5},"r":1,"bm":0,"nm":"Fill 1","mn":"ADBE Vector Graphic - Fill","hd":false},{"ty":"tr","p":{"a":0,"k":[172.936,77.722],"ix":2},"a":{"a":0,"k":[0,0],"ix":1},"s":{"a":0,"k":[100,100],"ix":3},"r":{"a":0,"k":0,"ix":6},"o":{"a":1,"k":[{"i":{"x":[0.833],"y":[0.833]},"o":{"x":[0.167],"y":[0.167]},"t":33,"s":[0]},{"t":34,"s":[100]}],"ix":7},"sk":{"a":0,"k":0,"ix":4},"sa":{"a":0,"k":0,"ix":5},"nm":"Transform"}],"nm":"highlight","np":2,"cix":2,"bm":0,"ix":3,"mn":"ADBE Vector Group","hd":false},{"ty":"gr","it":[{"ind":0,"ty":"sh","ix":1,"ks":{"a":0,"k":{"i":[[0,-91.368],[91.369,0],[0,91.368],[-91.368,0]],"o":[[0,91.368],[-91.368,0],[0,-91.368],[91.369,0]],"v":[[165.436,-0.001],[-0.001,165.437],[-165.436,-0.001],[-0.001,-165.436]],"c":true},"ix":2},"nm":"Path 1","mn":"ADBE Vector Shape - Group","hd":false},{"ty":"fl","c":{"a":0,"k":[0.2549019607843137,0.5254901960784314,1,1],"ix":4},"o":{"a":0,"k":100,"ix":5},"r":1,"bm":0,"nm":"Fill 1","mn":"ADBE Vector Graphic - Fill","hd":false},{"ty":"tr","p":{"a":0,"k":[172.937,172.936],"ix":2},"a":{"a":0,"k":[0,0],"ix":1},"s":{"a":1,"k":[{"i":{"x":[0.229,0.229],"y":[1,1]},"o":{"x":[0.811,0.811],"y":[0,0]},"t":13,"s":[0,0]},{"t":34,"s":[100,100]}],"ix":3},"r":{"a":0,"k":0,"ix":6},"o":{"a":0,"k":100,"ix":7},"sk":{"a":0,"k":0,"ix":4},"sa":{"a":0,"k":0,"ix":5},"nm":"Transform"}],"nm":"base","np":2,"cix":2,"bm":0,"ix":4,"mn":"ADBE Vector Group","hd":false},{"ty":"tr","p":{"a":0,"k":[172.937,172.936],"ix":2},"a":{"a":0,"k":[172.937,172.936],"ix":1},"s":{"a":0,"k":[100,100],"ix":3},"r":{"a":0,"k":0,"ix":6},"o":{"a":0,"k":100,"ix":7},"sk":{"a":0,"k":0,"ix":4},"sa":{"a":0,"k":0,"ix":5},"nm":"Transform"}],"nm":"grey","np":4,"cix":2,"bm":0,"ix":1,"mn":"ADBE Vector Group","hd":false}],"ip":4,"op":460,"st":4,"bm":0}],"markers":[]}